"Area","Records","Observed.richness","Richness","Slope","Completeness","Ratio"
"United States",2684,18,18.3799105572297,0.000372578241432109,97.9330119368819,149.111111111111
