"Area","Records","Observed.richness","Richness","Slope","Completeness","Ratio"
"United States",2688,159,177.845286421068,0.0119047619047592,89.4035502428498,16.9056603773585
