"Area","Records","Observed.richness","Richness","Slope","Completeness","Ratio"
"United States",501,17,17.7666340318452,0.00598802395209574,95.6849787614746,29.4705882352941
