"Area","Records","Observed.richness","Richness","Slope","Completeness","Ratio"
"United States",111124,285,283.123483717406,0.000179979122435725,100.662790757572,389.908771929825
