"Area","Records","Observed.richness","Richness","Slope","Completeness","Ratio"
"United States",2809,711,1078.72850077303,0.0975436098254931,65.9109312019187,3.95077355836849
