"Area","Records","Observed.richness","Richness","Slope","Completeness","Ratio"
"United States",6503,197,206.822529885682,0.0019990773489269,95.2507447369919,33.010152284264
