"Area","Records","Observed.richness","Richness","Slope","Completeness","Ratio"
"United States",4110,271,344.047637971757,0.0197080291970906,78.7681617573687,15.1660516605166
