"Area","Records","Observed.richness","Richness","Slope","Completeness","Ratio"
"United States",8849,1564,2191.08748622612,0.0666742004746084,71.3800799754372,5.6579283887468
