"Area","Records","Observed.richness","Richness","Slope","Completeness","Ratio"
"United States",44947,324,329.410105631573,0.000333726388873856,98.3576382329861,138.725308641975
