"Area","Records","Observed.richness","Richness","Slope","Completeness","Ratio"
"United States",22635,296,300.089936640559,0.000706869891757833,98.6370963697268,76.4695945945946
