"Area","Records","Observed.richness","Richness","Slope","Completeness","Ratio"
"United States",5298,182,204.986289005414,0.00773876934692908,88.7864260985736,29.1098901098901
