"Area","Records","Observed.richness","Richness","Slope","Completeness","Ratio"
"United States",12877,243,250.754232384133,0.000854236235142025,96.9076364891602,52.9917695473251
