"Area","Records","Observed.richness","Richness","Slope","Completeness","Ratio"
"United States",1423,119,136.859889159614,0.0133520730850307,86.9502384743384,11.9579831932773
