"Area","Records","Observed.richness","Richness","Slope","Completeness","Ratio"
"United States",44665,3056,4213.7979985697,0.0245158401430672,72.5236473375635,14.6155104712042
