"Area","Records","Observed.richness","Richness","Slope","Completeness","Ratio"
"United States",4260,1015,1557.80653805729,0.0922535211267359,65.1557157582473,4.19704433497537
