"Area","Records","Observed.richness","Richness","Slope","Completeness","Ratio"
"United States",7971,242,281.367431487071,0.00715092209259183,86.0085329424918,32.9380165289256
