"Area","Records","Observed.richness","Richness","Slope","Completeness","Ratio"
"United States",2247,199,256.407471613758,0.0267022696929189,77.610842908574,11.2914572864322
