"Area","Records","Observed.richness","Richness","Slope","Completeness","Ratio"
"United States",22079,1802,2771.97227635586,0.0354182707549171,65.0078651713277,12.2524972253052
