"Area","Records","Observed.richness","Richness","Slope","Completeness","Ratio"
"United States",1630,553,1078.38494453811,0.191411042944765,51.2803895121938,2.94755877034358
