"Area","Records","Observed.richness","Richness","Slope","Completeness","Ratio"
"United States",155682,358,357.92250022196,0.000128467003264632,100.021652670059,434.86592178771
