"Area","Records","Observed.richness","Richness","Slope","Completeness","Ratio"
"United States",8851,191,219.267201757335,0.00531013444808082,87.1083310541727,46.3403141361257
