"Area","Records","Observed.richness","Richness","Slope","Completeness","Ratio"
"United States",1506,35,37.9979251871197,0.00332005312085215,92.1102924110816,43.0285714285714
