"Area","Records","Observed.richness","Richness","Slope","Completeness","Ratio"
"United States",2250,558,1027.93945937009,0.136444444444464,54.2833524789426,4.03225806451613
