"Area","Records","Observed.richness","Richness","Slope","Completeness","Ratio"
"United States",2179,31,31.6565221127662,0.0018357044515831,97.9261078951516,70.2903225806452
