"Area","Records","Observed.richness","Richness","Slope","Completeness","Ratio"
"United States",1639,438,710.598421983107,0.123245881635114,61.6381892289669,3.74200913242009
