"Area","Records","Observed.richness","Richness","Slope","Completeness","Ratio"
"United States",688,131,175.930481649651,0.0654069767441854,74.4612296696111,5.25190839694656
