"Area","Records","Observed.richness","Richness","Slope","Completeness","Ratio"
"United States",1086,153,361.783805031588,0.0865561694291159,42.2904502280419,7.09803921568627
