"Area","Records","Observed.richness","Richness","Slope","Completeness","Ratio"
"United States",7762,211,219.699271142112,0.00180365885080391,96.0403732352461,36.7867298578199
