"Area","Records","Observed.richness","Richness","Slope","Completeness","Ratio"
"United States",92187,286,283.712177563053,0.000151865230463955,100.806388522551,322.332167832168
