"Area","Records","Observed.richness","Richness","Slope","Completeness","Ratio"
"United States",44024,301,306.242682450186,0.000386153007468693,98.2880627846386,146.259136212625
