"Area","Records","Observed.richness","Richness","Slope","Completeness","Ratio"
"United States",1698,560,1066.65308570416,0.186101295641947,52.5006684465089,3.03214285714286
