"Area","Records","Observed.richness","Richness","Slope","Completeness","Ratio"
"United States",4292,207,221.231022888615,0.00489282385834144,93.567347516275,20.7342995169082
