"Area","Records","Observed.richness","Richness","Slope","Completeness","Ratio"
"United States",12481,266,304.941033009179,0.00392596747053631,87.2299793094729,46.9210526315789
