"Area","Records","Observed.richness","Richness","Slope","Completeness","Ratio"
"United States",1054,33,34.4231386705196,0.000948766603414697,95.8657498256008,31.9393939393939
