"Area","Records","Observed.richness","Richness","Slope","Completeness","Ratio"
"United States",14035,934,1184.05402614747,0.0206626291413841,78.8815357555042,15.0267665952891
