"Area","Records","Observed.richness","Richness","Slope","Completeness","Ratio"
"United States",19949,1576,2182.79925250325,0.0326332146973982,72.2008676790884,12.6579949238579
