"Area","Records","Observed.richness","Richness","Slope","Completeness","Ratio"
"Canada",5,4,13.9329184151309,0.6,28.7089888910572,1.25
"United States",8853,206,229.776842428146,0.00474415452390531,89.652202468758,42.9757281553398
