"Area","Records","Observed.richness","Richness","Slope","Completeness","Ratio"
"United States",35325,1293,1664.98693771363,0.0125690021232003,77.6582669036163,27.3201856148492
