"Area","Records","Observed.richness","Richness","Slope","Completeness","Ratio"
"United States",159476,352,353.859637706444,0.000112869648091873,99.4744702395284,453.056818181818
