"Area","Records","Observed.richness","Richness","Slope","Completeness","Ratio"
"United States",252439,445,447.92232395376,7.92270607803403e-05,99.3475824272466,567.278651685393
