"Area","Records","Observed.richness","Richness","Slope","Completeness","Ratio"
"United States",6393,756,964.188587718121,0.0362896918504703,78.4078975451445,8.45634920634921
