"Area","Records","Observed.richness","Richness","Slope","Completeness","Ratio"
"United States",466,30,32.0991778879161,0.00643776824034248,93.4603375349797,15.5333333333333
