"Area","Records","Observed.richness","Richness","Slope","Completeness","Ratio"
"United States",35628,2107,2984.28970158376,0.0231559447624932,70.6030650738036,16.9093497864262
