"Area","Records","Observed.richness","Richness","Slope","Completeness","Ratio"
"United States",3516,227,246.065835851486,0.0059726962457205,92.2517338558963,15.488986784141
