"Area","Records","Observed.richness","Richness","Slope","Completeness","Ratio"
"United States",1712,26,28.1621065135062,0.00292056074766478,92.3226392440875,65.8461538461538
