"Area","Records","Observed.richness","Richness","Slope","Completeness","Ratio"
"United States",4222,1208,1857.86546651673,0.113927048791993,65.0208544036748,3.49503311258278
