"Area","Records","Observed.richness","Richness","Slope","Completeness","Ratio"
"United States",182488,326,322.716885935602,8.21971855771153e-05,101.017335691896,559.779141104294
