"Area","Records","Observed.richness","Richness","Slope","Completeness","Ratio"
"United States",5312,708,950.108037795146,0.0472515060240539,74.5178413228678,7.50282485875706
