"Area","Records","Observed.richness","Richness","Slope","Completeness","Ratio"
"United States",1782,103,119.001962511121,0.0145903479236864,86.5531944402803,17.3009708737864
