"Area","Records","Observed.richness","Richness","Slope","Completeness","Ratio"
"United States",6677,1245,1894.14987739523,0.0826718586190509,65.728695224059,5.36305220883534
