"Area","Records","Observed.richness","Richness","Slope","Completeness","Ratio"
"United States",4361,199,213.68549915163,0.00664985095161796,93.1275172110722,21.9145728643216
