"Area","Records","Observed.richness","Richness","Slope","Completeness","Ratio"
"United States",4724,173,193.492401644088,0.00719729043183293,89.4091956738528,27.3063583815029
