"Area","Records","Observed.richness","Richness","Slope","Completeness","Ratio"
"United States",3338,117,131.94272209229,0.00808867585379858,88.6748417378884,28.5299145299145
