"Area","Records","Observed.richness","Richness","Slope","Completeness","Ratio"
"United States",12192,723,971.638127723817,0.0215715223097277,74.4104187938484,16.8630705394191
