"Area","Records","Observed.richness","Richness","Slope","Completeness","Ratio"
"United States",13393,257,264.602667501341,0.00141865153437948,97.126760824774,52.1128404669261
