"Area","Records","Observed.richness","Richness","Slope","Completeness","Ratio"
"United States",11816,1978,2904.21999208539,0.0693974272173818,68.1077881631028,5.9737108190091
