"Area","Records","Observed.richness","Richness","Slope","Completeness","Ratio"
"United States",15878,1356,1671.68015957951,0.0246882478902535,81.115995319409,11.7094395280236
