"Area","Records","Observed.richness","Richness","Slope","Completeness","Ratio"
"United States",40893,2905,4060.00239578686,0.0268261071578308,71.5516819156208,14.0767641996558
