"Area","Records","Observed.richness","Richness","Slope","Completeness","Ratio"
"United States",1469,142,168.780226156521,0.023825731790339,84.1330784023916,10.3450704225352
