"Area","Records","Observed.richness","Richness","Slope","Completeness","Ratio"
"United States",29530,233,238.528659210411,0.000541821876055337,97.6821824141753,126.738197424893
