"Area","Records","Observed.richness","Richness","Slope","Completeness","Ratio"
"United States",1504,68,96.1577497559543,0.0186170212765973,70.7171290640454,22.1176470588235
