"Area","Records","Observed.richness","Richness","Slope","Completeness","Ratio"
"United States",5345,134,145.963951140628,0.00392890551918867,91.8034891169114,39.8880597014925
