"Area","Records","Observed.richness","Richness","Slope","Completeness","Ratio"
"United States",25702,2241,3245.69200068479,0.0340440432651121,69.045368430744,11.4689870593485
