"Area","Records","Observed.richness","Richness","Slope","Completeness","Ratio"
"United States",1576,105,128.961158037319,0.0215736040609187,81.4198643979417,15.0095238095238
