"Area","Records","Observed.richness","Richness","Slope","Completeness","Ratio"
"Canada",6,4,8.31648052908751,0.333333333333333,48.0972688628285,1.5
"United States",569,29,32.8574507631359,0.0105448154657282,88.2600424757732,19.6206896551724
