"Area","Records","Observed.richness","Richness","Slope","Completeness","Ratio"
"United States",31120,1511,2174.6876115563,0.0204048843188502,69.4812437414246,20.595632031767
