"Area","Records","Observed.richness","Richness","Slope","Completeness","Ratio"
"United States",4351,992,1501.27790127392,0.0914732245461209,66.0770400442337,4.38608870967742
