"Area","Records","Observed.richness","Richness","Slope","Completeness","Ratio"
"United States",5587,210,226.847719531401,0.00393771254698549,92.5731148780322,26.6047619047619
