"Area","Records","Observed.richness","Richness","Slope","Completeness","Ratio"
"United States",2296,595,877.950241279639,0.102351916376278,67.7714945590503,3.85882352941176
