"Area","Records","Observed.richness","Richness","Slope","Completeness","Ratio"
"United States",1334,42,43.8546463268651,0.00449775112443973,95.7709239904895,31.7619047619048
