"Area","Records","Observed.richness","Richness","Slope","Completeness","Ratio"
"United States",1938,110,130.542502669118,0.0144478844169242,84.2637438006026,17.6181818181818
