"Area","Records","Observed.richness","Richness","Slope","Completeness","Ratio"
"United States",858,129,204.401142611731,0.0699300699300807,63.1111931918311,6.65116279069767
