"Area","Records","Observed.richness","Richness","Slope","Completeness","Ratio"
"United States",3303,99,111.315042036759,0.00787163184983797,88.9367673843288,33.3636363636364
