"Area","Records","Observed.richness","Richness","Slope","Completeness","Ratio"
"United States",3000,627,1015.59532307713,0.0986666666666451,61.7371885979414,4.78468899521531
