"Area","Records","Observed.richness","Richness","Slope","Completeness","Ratio"
"United States",27496,269,272.099302221187,0.000618271748635379,98.8609664942589,102.2156133829
