"Area","Records","Observed.richness","Richness","Slope","Completeness","Ratio"
"United States",1173,112,141.417181157718,0.0289855072463752,79.1982976064911,10.4732142857143
