"Area","Records","Observed.richness","Richness","Slope","Completeness","Ratio"
"United States",4440,994,1640.21135858914,0.107432432432461,60.6019458891571,4.46680080482897
