"Area","Records","Observed.richness","Richness","Slope","Completeness","Ratio"
"United States",2188,146,179.149334899755,0.0187385740402135,81.4962556694367,14.986301369863
