"Area","Records","Observed.richness","Richness","Slope","Completeness","Ratio"
"United States",7621,246,255.097359516573,0.00236189476447635,96.4337696266976,30.979674796748
