"Area","Records","Observed.richness","Richness","Slope","Completeness","Ratio"
"United States",60345,333,345.02276245439,0.000463998674263166,96.5153712268536,181.216216216216
