"Area","Records","Observed.richness","Richness","Slope","Completeness","Ratio"
"United States",31958,281,285.376144239473,0.000531948182015185,98.4665346673824,113.729537366548
