"Area","Records","Observed.richness","Richness","Slope","Completeness","Ratio"
"United States",4238,1058,1753.55741157693,0.12246342614435,60.3344944975919,4.00567107750473
