"Area","Records","Observed.richness","Richness","Slope","Completeness","Ratio"
"United States",21810,239,242.757800040679,0.000687757909219044,98.4520373639696,91.255230125523
