"Area","Records","Observed.richness","Richness","Slope","Completeness","Ratio"
"United States",90181,272,273.84136895854,0.000144154533643359,99.3275782378891,331.547794117647
