"Area","Records","Observed.richness","Richness","Slope","Completeness","Ratio"
"United States",67176,251,254.415901539938,0.000342384184818911,98.6573553306763,267.633466135458
