"Area","Records","Observed.richness","Richness","Slope","Completeness","Ratio"
"United States",22068,322,333.037092572324,0.00312669929309095,96.6859269377249,68.5341614906832
