"Area","Records","Observed.richness","Richness","Slope","Completeness","Ratio"
"United States",272949,337,342.348834467467,8.06011379381744e-05,98.4376069292634,809.937685459941
