"Area","Records","Observed.richness","Richness","Slope","Completeness","Ratio"
"United States",23959,220,222.788128426609,0.000876497349651117,98.7485291759934,108.904545454545
