"Area","Records","Observed.richness","Richness","Slope","Completeness","Ratio"
"United States",9345,234,284.86379157299,0.00727661851257722,82.144522021516,39.9358974358974
