"Area","Records","Observed.richness","Richness","Slope","Completeness","Ratio"
"United States",93858,298,295.610078148463,0.000223742248920189,100.808471032688,314.959731543624
