"Area","Records","Observed.richness","Richness","Slope","Completeness","Ratio"
"United States",688,21,22.7236740559261,0.00436046511627808,92.4146330752507,32.7619047619048
