"Area","Records","Observed.richness","Richness","Slope","Completeness","Ratio"
"United States",1536,140,193.000706252648,0.0384114583333428,72.5385946602355,10.9714285714286
