"Area","Records","Observed.richness","Richness","Slope","Completeness","Ratio"
"United States",2267,162,205.507931280034,0.0238200264666943,78.8290743773054,13.9938271604938
