"Area","Records","Observed.richness","Richness","Slope","Completeness","Ratio"
"United States",129959,275,277.659087419643,0.000138505220888874,99.0423193260649,472.578181818182
