"Area","Records","Observed.richness","Richness","Slope","Completeness","Ratio"
"United States",4786,254,272.004454759784,0.00752193898873088,93.3808235693477,18.8425196850394
