"Area","Records","Observed.richness","Richness","Slope","Completeness","Ratio"
"United States",40681,333,370.409106161837,0.00152405299769498,89.9005975988363,122.165165165165
