"Area","Records","Observed.richness","Richness","Slope","Completeness","Ratio"
"United States",40557,1658,1988.34781992497,0.0111201518850521,83.3858132558803,24.4613992762364
