"Area","Records","Observed.richness","Richness","Slope","Completeness","Ratio"
"Mexico",36,27,125.040651694382,0.638888888888889,21.5929776709674,1.33333333333333
"United States",10365,298,312.085667092713,0.0032802701398964,95.4866023730183,34.7818791946309
