"Area","Records","Observed.richness","Richness","Slope","Completeness","Ratio"
"United States",4930,168,194.201172950618,0.00709939148072181,86.5082313600237,29.3452380952381
