"Area","Records","Observed.richness","Richness","Slope","Completeness","Ratio"
"United States",25408,1474,1752.70977753323,0.015152707808511,84.0983498177614,17.2374491180461
