"Area","Records","Observed.richness","Richness","Slope","Completeness","Ratio"
"United States",9558,257,265.154759624149,0.00198786356980918,96.9245282884199,37.1906614785992
