"Area","Records","Observed.richness","Richness","Slope","Completeness","Ratio"
"United States",49980,233,236.08818189192,0.00018007202879744,98.6919371113065,214.50643776824
