"Area","Records","Observed.richness","Richness","Slope","Completeness","Ratio"
"United States",506,28,29.3629256296241,0.00790513833992179,95.3583452588625,18.0714285714286
