"Area","Records","Observed.richness","Richness","Slope","Completeness","Ratio"
"United States",1896,122,149.397099051191,0.0168776371308041,81.661558875515,15.5409836065574
