"Area","Records","Observed.richness","Richness","Slope","Completeness","Ratio"
"United States",80908,253,255.156028694315,0.000111237454888169,99.1550155779787,319.794466403162
