"Area","Records","Observed.richness","Richness","Slope","Completeness","Ratio"
"United States",33415,262,267.366247865873,0.00050875355378821,97.992922476675,127.538167938931
