"Area","Records","Observed.richness","Richness","Slope","Completeness","Ratio"
"United States",1352,23,24.9710227817552,0.00295857988165693,92.1067599073464,58.7826086956522
