"Area","Records","Observed.richness","Richness","Slope","Completeness","Ratio"
"United States",61774,1833,2060.79507444944,0.00608670314363735,88.9462529645118,33.7010365521004
