"Area","Records","Observed.richness","Richness","Slope","Completeness","Ratio"
"United States",4956,1015,1423.91626285865,0.0730427764325441,71.2822815832082,4.88275862068966
