"Area","Records","Observed.richness","Richness","Slope","Completeness","Ratio"
"United States",16930,240,249.855952000464,0.00118133490843775,96.0553463219296,70.5416666666667
