"Area","Records","Observed.richness","Richness","Slope","Completeness","Ratio"
"United States",2380,206,232.749450965785,0.0155462184874011,88.5071905197675,11.5533980582524
