"Area","Records","Observed.richness","Richness","Slope","Completeness","Ratio"
"United States",4256,769,1086.39776376959,0.0650845864661278,70.7843872332466,5.53446033810143
