"Area","Records","Observed.richness","Richness","Slope","Completeness","Ratio"
"United States",1966,89,109.636496090553,0.0132248219735516,81.1773480306149,22.0898876404494
