"Area","Records","Observed.richness","Richness","Slope","Completeness","Ratio"
"United States",5621,901,1247.35093476037,0.0565735634228304,72.2330801133437,6.23862375138735
