"Area","Records","Observed.richness","Richness","Slope","Completeness","Ratio"
"United States",1552,101,118.609758624053,0.0199742268041234,85.1531958008035,15.3663366336634
