"Area","Records","Observed.richness","Richness","Slope","Completeness","Ratio"
"United States",1864,452,643.267721291529,0.0917381974248883,70.2662336441336,4.12389380530973
