"Area","Records","Observed.richness","Richness","Slope","Completeness","Ratio"
"United States",53215,314,324.31451913068,0.00062012590433369,96.8195937825023,169.474522292994
