"Area","Records","Observed.richness","Richness","Slope","Completeness","Ratio"
"United States",2719,709,998.423286805208,0.0875321809488696,71.0119655029967,3.83497884344147
