"Area","Records","Observed.richness","Richness","Slope","Completeness","Ratio"
"United States",13420,238,247.229875166472,0.00119225037258275,96.2666829159475,56.3865546218487
