"Area","Records","Observed.richness","Richness","Slope","Completeness","Ratio"
"United States",7274,1087,1663.61765489291,0.0651635963706667,65.339532602518,6.6918123275069
