"Area","Records","Observed.richness","Richness","Slope","Completeness","Ratio"
"United States",868,105,137.070493032885,0.0345622119815658,76.6029199112965,8.26666666666667
