"Area","Records","Observed.richness","Richness","Slope","Completeness","Ratio"
"United States",4062,967,1443.17204915785,0.0920728705071951,67.0051779733598,4.20062047569804
