"Area","Records","Observed.richness","Richness","Slope","Completeness","Ratio"
"United States",8975,1196,1514.60112358353,0.0362116991643688,78.9646845877331,7.50418060200669
