"Area","Records","Observed.richness","Richness","Slope","Completeness","Ratio"
"United States",1163,18,19.4574242161776,0.00257953568357649,92.5096754843539,64.6111111111111
