"Area","Records","Observed.richness","Richness","Slope","Completeness","Ratio"
"United States",13328,1181,1600.34307874132,0.0321128451380446,73.7966762057587,11.2853513971211
