"Area","Records","Observed.richness","Richness","Slope","Completeness","Ratio"
"United States",1562,24,24.946760576363,0.000640204865558047,96.2048756853021,65.0833333333333
