"Area","Records","Observed.richness","Richness","Slope","Completeness","Ratio"
"United States",3458,555,894.649794108756,0.0725853094273816,62.0354471274301,6.23063063063063
