"Area","Records","Observed.richness","Richness","Slope","Completeness","Ratio"
"United States",45978,3902,5644.05548647328,0.034994997607555,69.1346853224893,11.7831881086622
