"Area","Records","Observed.richness","Richness","Slope","Completeness","Ratio"
"United States",976,188,287.401807873245,0.0860655737704974,65.4136455825341,5.19148936170213
