"Area","Records","Observed.richness","Richness","Slope","Completeness","Ratio"
"United States",2165,619,1034.25162578936,0.136258660508133,59.8500388653067,3.49757673667205
