"Area","Records","Observed.richness","Richness","Slope","Completeness","Ratio"
"United States",7007,977,1426.71920993405,0.0577993435135795,68.4787863790775,7.17195496417605
