"Area","Records","Observed.richness","Richness","Slope","Completeness","Ratio"
"United States",1587,31,31.7999405173475,0.00252047889098961,97.4844590765472,51.1935483870968
