"Area","Records","Observed.richness","Richness","Slope","Completeness","Ratio"
"United States",2095,120,141.120527227614,0.0157517899761359,85.0336959175696,17.4583333333333
