"Area","Records","Observed.richness","Richness","Slope","Completeness","Ratio"
"United States",988,17,17.8750782095178,0.00101214574898734,95.1044789887865,58.1176470588235
