"Area","Records","Observed.richness","Richness","Slope","Completeness","Ratio"
"United States",1257,134,176.760281340346,0.0365950676213345,75.8088859012321,9.38059701492537
