"Area","Records","Observed.richness","Richness","Slope","Completeness","Ratio"
"United States",2566,180,202.226490249149,0.0144193296960111,89.0091104178463,14.2555555555556
