"Area","Records","Observed.richness","Richness","Slope","Completeness","Ratio"
"United States",48779,278,277.815440666858,0.000389511880086957,100.066432352608,175.464028776978
