"Area","Records","Observed.richness","Richness","Slope","Completeness","Ratio"
"United States",9272,1477,2010.07569274239,0.0528472821397372,73.4798199556802,6.27758970886933
