"Area","Records","Observed.richness","Richness","Slope","Completeness","Ratio"
"United States",1975,712,1193.48901454988,0.162025316455697,59.6570216667244,2.77387640449438
