"Area","Records","Observed.richness","Richness","Slope","Completeness","Ratio"
"United States",3904,220,236.357808268842,0.00896516393441971,93.079218161375,17.7454545454545
