"Area","Records","Observed.richness","Richness","Slope","Completeness","Ratio"
"United States",7535,1254,1941.44867541837,0.0765759787657316,64.5909426232846,6.00877192982456
