"Area","Records","Observed.richness","Richness","Slope","Completeness","Ratio"
"United States",2341,133,167.596239422706,0.0175138829559955,79.3573891980663,17.6015037593985
