"Area","Records","Observed.richness","Richness","Slope","Completeness","Ratio"
"United States",2277,259,399.856265446888,0.0540184453228107,64.7732753944811,8.79150579150579
