"Area","Records","Observed.richness","Richness","Slope","Completeness","Ratio"
"United States",1107,28,33.0305281400865,0.00271002710027091,84.7700644726254,39.5357142857143
