"Area","Records","Observed.richness","Richness","Slope","Completeness","Ratio"
"United States",2454,1284,3020.63630374197,0.314588427057743,42.5076000844384,1.91121495327103
