"Area","Records","Observed.richness","Richness","Slope","Completeness","Ratio"
"United States",1086,341,568.906291774418,0.145488029465923,59.9395726379509,3.18475073313783
