"Area","Records","Observed.richness","Richness","Slope","Completeness","Ratio"
"United States",2456,863,1623.08887473551,0.184446254071645,53.1702245904821,2.84588644264195
