"Area","Records","Observed.richness","Richness","Slope","Completeness","Ratio"
"United States",1401,187,227.689816536279,0.0321199143469073,82.129276945596,7.49197860962567
