"Area","Records","Observed.richness","Richness","Slope","Completeness","Ratio"
"United States",990,164,208.935840742527,0.0525252525252426,78.4929954655786,6.03658536585366
