"Area","Records","Observed.richness","Richness","Slope","Completeness","Ratio"
"United States",2157,134,161.125812229217,0.0139082058414601,83.1648251425864,16.0970149253731
