"Area","Records","Observed.richness","Richness","Slope","Completeness","Ratio"
"United States",8614,251,258.842549697102,0.00220571163222871,96.9701466369114,34.3187250996016
