"Area","Records","Observed.richness","Richness","Slope","Completeness","Ratio"
"United States",894,35,37.7066441519939,0.00671140939597592,92.8218376021914,25.5428571428571
