"Area","Records","Observed.richness","Richness","Slope","Completeness","Ratio"
"United States",4834,208,221.471716447535,0.00537856847330431,93.9171842510526,23.2403846153846
