"Area","Records","Observed.richness","Richness","Slope","Completeness","Ratio"
"United States",2215,26,26.3318070767925,0.000902934537247546,98.7399000918364,85.1923076923077
