"Area","Records","Observed.richness","Richness","Slope","Completeness","Ratio"
"United States",4800,762,1033.70242780634,0.0556249999999636,73.7156051395822,6.2992125984252
