"Area","Records","Observed.richness","Richness","Slope","Completeness","Ratio"
"United States",1832,34,38.6195220969084,0.00382096069868965,88.0383758107711,53.8823529411765
