"Area","Records","Observed.richness","Richness","Slope","Completeness","Ratio"
"United States",1172,106,134.382445620458,0.028156996587029,78.8793502831314,11.0566037735849
