"Area","Records","Observed.richness","Richness","Slope","Completeness","Ratio"
"United States",39049,336,363.379368486767,0.00138287792259462,92.4653486518004,116.217261904762
