"Area","Records","Observed.richness","Richness","Slope","Completeness","Ratio"
"United States",15030,1436,1890.00880899264,0.0311377245509448,75.9784818550862,10.466573816156
