"Area","Records","Observed.richness","Richness","Slope","Completeness","Ratio"
"United States",1028,18,18.6781811224081,0.000972762645915282,96.3691265334477,57.1111111111111
