"Area","Records","Observed.richness","Richness","Slope","Completeness","Ratio"
"United States",8997,257,271.896869167968,0.00355674113592386,94.5211325111784,35.0077821011673
