"Area","Records","Observed.richness","Richness","Slope","Completeness","Ratio"
"United States",9201,207,215.919454209214,0.0020649929355443,95.8690826438587,44.4492753623188
