"Area","Records","Observed.richness","Richness","Slope","Completeness","Ratio"
"United States",87044,321,322.095285580834,0.000126372868919589,99.6599498254503,271.165109034268
