"Area","Records","Observed.richness","Richness","Slope","Completeness","Ratio"
"United States",80365,280,281.667651778674,0.000161761961066986,99.4079363504673,287.017857142857
