"Area","Records","Observed.richness","Richness","Slope","Completeness","Ratio"
"United States",3714,665,1006.52900900176,0.0796984383414383,66.0686372725137,5.58496240601504
