"Area","Records","Observed.richness","Richness","Slope","Completeness","Ratio"
"United States",1025,370,642.453665249329,0.168780487804895,57.5917019410898,2.77027027027027
