"Area","Records","Observed.richness","Richness","Slope","Completeness","Ratio"
"United States",25784,303,342.654264935288,0.00232702451131672,88.4273248597162,85.0957095709571
