"Area","Records","Observed.richness","Richness","Slope","Completeness","Ratio"
"United States",6756,241,255.750057185504,0.00444049733570751,94.2326280010152,28.0331950207469
