"Area","Records","Observed.richness","Richness","Slope","Completeness","Ratio"
"United States",158,12,13.2800722305218,0.00632911392404978,90.3609543058074,13.1666666666667
