"Area","Records","Observed.richness","Richness","Slope","Completeness","Ratio"
"United States",12508,1118,1519.15198617574,0.0335785097538519,73.5936897804687,11.1878354203936
