"Area","Records","Observed.richness","Richness","Slope","Completeness","Ratio"
"United States",3333,181,217.306794535742,0.0156015601560284,83.2923795073649,18.414364640884
