"Area","Records","Observed.richness","Richness","Slope","Completeness","Ratio"
"United States",2147,39,42.2239804792022,0.00326036329762758,92.3645747212529,55.0512820512821
