"Area","Records","Observed.richness","Richness","Slope","Completeness","Ratio"
"United States",1494,193,238.530571406377,0.0327978580990589,80.9120603963137,7.74093264248705
