"Area","Records","Observed.richness","Richness","Slope","Completeness","Ratio"
"United States",9031,276,290.996206787186,0.00310043184583719,94.8465971592019,32.7210144927536
