"Area","Records","Observed.richness","Richness","Slope","Completeness","Ratio"
"United States",1503,502,872.273117819077,0.163672654690629,57.5507819448956,2.99402390438247
