"Area","Records","Observed.richness","Richness","Slope","Completeness","Ratio"
"United States",13041,1364,1952.7148568266,0.0430948546891159,69.8514683406806,9.5608504398827
