"Area","Records","Observed.richness","Richness","Slope","Completeness","Ratio"
"United States",60908,1870,2169.58229751458,0.00730610100481499,86.191706216548,32.5711229946524
