"Area","Records","Observed.richness","Richness","Slope","Completeness","Ratio"
"United States",5380,222,234.091382604391,0.0055762081784394,94.834759626831,24.2342342342342
