"Area","Records","Observed.richness","Richness","Slope","Completeness","Ratio"
"United States",45973,1626,1871.20445127146,0.00826572118421609,86.8959027376807,28.2736777367774
