"Area","Records","Observed.richness","Richness","Slope","Completeness","Ratio"
"United States",14402,1256,1578.71523167985,0.0258297458685774,79.5583633321595,11.4665605095541
