"Area","Records","Observed.richness","Richness","Slope","Completeness","Ratio"
"United States",6563,556,728.333069248045,0.0297120219412363,76.3387004484133,11.8039568345324
