"Area","Records","Observed.richness","Richness","Slope","Completeness","Ratio"
"United States",8832,247,264.0487844329,0.00362318840581111,93.5433202354953,35.7570850202429
