"Area","Records","Observed.richness","Richness","Slope","Completeness","Ratio"
"United States",1080,31,32.2783374778375,0.00185185185185333,96.0396427519997,34.8387096774194
