"Area","Records","Observed.richness","Richness","Slope","Completeness","Ratio"
"United States",3497,203,250.829219057692,0.0160137260509146,80.9315600322103,17.2266009852217
