"Area","Records","Observed.richness","Richness","Slope","Completeness","Ratio"
"United States",11159,59,63.5077320304506,0.000716910117390057,92.9020736746051,189.135593220339
