"Area","Records","Observed.richness","Richness","Slope","Completeness","Ratio"
"United States",2796,241,270.03833456083,0.0132331902718192,89.2465880416364,11.6016597510373
