"Area","Records","Observed.richness","Richness","Slope","Completeness","Ratio"
"United States",2335,645,1152.84112103299,0.145610278372601,55.9487329374629,3.62015503875969
