"Area","Records","Observed.richness","Richness","Slope","Completeness","Ratio"
"United States",1252,36,37.6300603701061,0.00319488817891056,95.6681962397248,34.7777777777778
