"Area","Records","Observed.richness","Richness","Slope","Completeness","Ratio"
"United States",2332,174,207.297614798281,0.0188679245283083,83.9372899535374,13.4022988505747
