"Area","Records","Observed.richness","Richness","Slope","Completeness","Ratio"
"United States",5092,1077,1608.0725275822,0.0866064414767607,66.974591103755,4.72794800371402
