"Area","Records","Observed.richness","Richness","Slope","Completeness","Ratio"
"United States",24962,279,305.965371129394,0.00148225302461924,91.1867898547284,89.4695340501792
