"Area","Records","Observed.richness","Richness","Slope","Completeness","Ratio"
"United States",3799,711,1404.91170120479,0.111081863648337,50.6081627329518,5.34317862165963
