"Area","Records","Observed.richness","Richness","Slope","Completeness","Ratio"
"United States",107593,266,265.732575569255,0.000120825704300387,100.100636675866,404.484962406015
