"Area","Records","Observed.richness","Richness","Slope","Completeness","Ratio"
"United States",10919,59,64.9370215742989,0.001007418261743,90.8572622667858,185.067796610169
