"Area","Records","Observed.richness","Richness","Slope","Completeness","Ratio"
"United States",4122,199,238.353684197713,0.0138282387190714,83.4893744855778,20.713567839196
