"Area","Records","Observed.richness","Richness","Slope","Completeness","Ratio"
"United States",23076,261,263.07376603079,0.000693361067760634,99.2117169027991,88.4137931034483
