"Area","Records","Observed.richness","Richness","Slope","Completeness","Ratio"
"United States",1469,634,1282.42823446388,0.238938053097399,49.4374642542898,2.31703470031546
