"Area","Records","Observed.richness","Richness","Slope","Completeness","Ratio"
"United States",3787,155,176.822343539938,0.0100343279640924,87.6586051835642,24.4322580645161
