"Area","Records","Observed.richness","Richness","Slope","Completeness","Ratio"
"United States",2858,120,158.75313956089,0.0146955913226066,75.5890562743633,23.8166666666667
