"Area","Records","Observed.richness","Richness","Slope","Completeness","Ratio"
"United States",26325,277,282.520514929149,0.00068376068378484,98.0459773229094,95.0361010830325
