"Area","Records","Observed.richness","Richness","Slope","Completeness","Ratio"
"United States",2474,458,672.481065509355,0.0755860953920546,68.1060067695881,5.40174672489083
