"Area","Records","Observed.richness","Richness","Slope","Completeness","Ratio"
"United States",1238,371,585.121916764078,0.133279483037143,63.4055893943873,3.33692722371968
