"Area","Records","Observed.richness","Richness","Slope","Completeness","Ratio"
"United States",7865,225,285.679171486361,0.0102987921169699,78.7596795486863,34.9555555555556
