"Area","Records","Observed.richness","Richness","Slope","Completeness","Ratio"
"United States",3377,215,305.042924315881,0.0239857862007682,70.4818839781909,15.706976744186
