"Area","Records","Observed.richness","Richness","Slope","Completeness","Ratio"
"United States",3769,784,1202.32168200399,0.0933934730697956,65.2071747299152,4.80739795918367
