"Area","Records","Observed.richness","Richness","Slope","Completeness","Ratio"
"United States",17433,248,253.807193024962,0.000458899787759037,97.7119667272823,70.2943548387097
