"Area","Records","Observed.richness","Richness","Slope","Completeness","Ratio"
"United States",2188,43,46.8532254411136,0.00182815356490096,91.7759654648399,50.8837209302326
