"Area","Records","Observed.richness","Richness","Slope","Completeness","Ratio"
"United States",20953,1158,1629.28388128403,0.0212857347396493,71.0741702721188,18.094127806563
