"Area","Records","Observed.richness","Richness","Slope","Completeness","Ratio"
"United States",4402,1157,2013.83953225872,0.131076783280378,57.4524425341034,3.80466724286949
