"Area","Records","Observed.richness","Richness","Slope","Completeness","Ratio"
"United States",1390,61,65.6273938565847,0.00359712230216047,92.9489903763405,22.7868852459016
