"Area","Records","Observed.richness","Richness","Slope","Completeness","Ratio"
"United States",15408,261,266.029447190003,0.00123312564903699,98.1094396717629,59.0344827586207
