"Area","Records","Observed.richness","Richness","Slope","Completeness","Ratio"
"United States",2738,721,1183.93558517446,0.126734842951009,60.8985834219822,3.79750346740638
