"Area","Records","Observed.richness","Richness","Slope","Completeness","Ratio"
"United States",76249,261,262.266379455872,0.000118034334889217,99.5171399938875,292.141762452107
