"Area","Records","Observed.richness","Richness","Slope","Completeness","Ratio"
"United States",62803,302,303.855611250724,0.000206996481040278,99.3893115078292,207.956953642384
