"Area","Records","Observed.richness","Richness","Slope","Completeness","Ratio"
"United States",15109,2691,6252.09719300483,0.118538619366063,43.0415573675155,5.61464139725009
