"Area","Records","Observed.richness","Richness","Slope","Completeness","Ratio"
"United States",1893,391,623.266302194097,0.099313259376629,62.7340189295578,4.84143222506394
