"Area","Records","Observed.richness","Richness","Slope","Completeness","Ratio"
"United States",4649,682,980.448109858926,0.0591525059152218,69.5600300660614,6.81671554252199
