"Area","Records","Observed.richness","Richness","Slope","Completeness","Ratio"
"United States",4573,183,223.206324325862,0.012464465340031,81.9869242292774,24.9890710382514
