"Area","Records","Observed.richness","Richness","Slope","Completeness","Ratio"
"United States",389,18,19.0283746821141,0.00257069408740307,94.5955726682177,21.6111111111111
