"Area","Records","Observed.richness","Richness","Slope","Completeness","Ratio"
"United States",7690,235,253.007058198742,0.00533159947983108,92.8827842484154,32.7234042553191
