"Area","Records","Observed.richness","Richness","Slope","Completeness","Ratio"
"United States",486,101,132.886501398888,0.0576131687242878,76.0047099869282,4.81188118811881
