"Area","Records","Observed.richness","Richness","Slope","Completeness","Ratio"
"United States",28091,2301,3315.70396175924,0.0322167242175055,69.39702779675,12.2081703607127
