"Area","Records","Observed.richness","Richness","Slope","Completeness","Ratio"
"United States",2577,169,207.895573204535,0.0178502134264704,81.2908122068246,15.2485207100592
