"Area","Records","Observed.richness","Richness","Slope","Completeness","Ratio"
"United States",2110,21,20.8554264395151,0.000947867298577876,100.69321795411,100.47619047619
