"Area","Records","Observed.richness","Richness","Slope","Completeness","Ratio"
"United States",157,18,21.4023351587755,0.00636942675159347,84.1029722526306,8.72222222222222
