"Area","Records","Observed.richness","Richness","Slope","Completeness","Ratio"
"United States",1415,18,18.0632683440318,0.00141342756183604,99.6497403303391,78.6111111111111
