"Area","Records","Observed.richness","Richness","Slope","Completeness","Ratio"
"United States",46947,242,246.164731997801,0.000234306771460524,98.3081524457216,193.995867768595
