"Area","Records","Observed.richness","Richness","Slope","Completeness","Ratio"
"United States",4078,187,199.369043254327,0.00613045610592167,93.7959057973968,21.807486631016
