"Area","Records","Observed.richness","Richness","Slope","Completeness","Ratio"
"United States",17617,242,248.544317303985,0.000908213657254464,97.3669414875495,72.797520661157
