"Area","Records","Observed.richness","Richness","Slope","Completeness","Ratio"
"United States",1246,468,869.604853443353,0.199036918138063,53.8175469176456,2.66239316239316
