"Area","Records","Observed.richness","Richness","Slope","Completeness","Ratio"
"United States",2992,694,1048.06006526816,0.0965909090908781,66.2175788390938,4.31123919308357
