"Area","Records","Observed.richness","Richness","Slope","Completeness","Ratio"
"United States",1147,117,146.195321580466,0.0357454228421972,80.0299207492785,9.8034188034188
