"Area","Records","Observed.richness","Richness","Slope","Completeness","Ratio"
"United States",87631,2269,2546.21740563357,0.00482705891772639,89.112579113621,38.6209784045835
