"Area","Records","Observed.richness","Richness","Slope","Completeness","Ratio"
"United States",16436,85,88.3188632945605,0.000608420540274324,96.242180695316,193.364705882353
