"Area","Records","Observed.richness","Richness","Slope","Completeness","Ratio"
"United States",7927,1192,1609.86695449372,0.0518481140406948,74.0433858010875,6.6501677852349
