"Area","Records","Observed.richness","Richness","Slope","Completeness","Ratio"
"United States",61232,1551,1789.6638695586,0.00640188136912911,86.664318723858,39.4790457769181
