"Area","Records","Observed.richness","Richness","Slope","Completeness","Ratio"
"United States",778,42,49.1722966922004,0.00771208226220921,85.4139481482912,18.5238095238095
