"Area","Records","Observed.richness","Richness","Slope","Completeness","Ratio"
"United States",45325,1832,2169.33995160627,0.0101930501930383,84.4496501640284,24.7407205240175
