"Area","Records","Observed.richness","Richness","Slope","Completeness","Ratio"
"United States",1898,221,270.878044603021,0.0284510010537531,81.5865310619328,8.58823529411765
