"Area","Records","Observed.richness","Richness","Slope","Completeness","Ratio"
"United States",17293,229,234.725948960443,0.00109871046089438,97.5605811859311,75.5152838427948
