"Area","Records","Observed.richness","Richness","Slope","Completeness","Ratio"
"United States",7732,941,1424.78642625442,0.0536730470770408,66.044986298316,8.21679064824655
