"Area","Records","Observed.richness","Richness","Slope","Completeness","Ratio"
"United States",73820,313,314.95052870095,0.000149011108078412,99.3806872752379,235.846645367412
