"Area","Records","Observed.richness","Richness","Slope","Completeness","Ratio"
"United States",4437,769,1057.2037072084,0.0631057020509616,72.7390563196743,5.76983094928479
