"Area","Records","Observed.richness","Richness","Slope","Completeness","Ratio"
"United States",2160,113,221.674127905026,0.0314814814814781,50.9757277802008,19.1150442477876
