"Area","Records","Observed.richness","Richness","Slope","Completeness","Ratio"
"United States",57094,296,298.834632087134,0.000227694678926582,99.0514378914731,192.885135135135
