"Area","Records","Observed.richness","Richness","Slope","Completeness","Ratio"
"United States",3722,970,1692.28974723177,0.126544868350379,57.3187896213822,3.83711340206186
