"Area","Records","Observed.richness","Richness","Slope","Completeness","Ratio"
"United States",4088,184,200.37694269651,0.00709393346380693,91.8269325421764,22.2173913043478
