"Area","Records","Observed.richness","Richness","Slope","Completeness","Ratio"
"Canada",1446,205,261.157155806417,0.0449515905947351,78.496796064036,7.05365853658537
"United States",20987,261,266.364664754071,0.000524133987710229,97.9859698135921,80.4099616858238
