"Area","Records","Observed.richness","Richness","Slope","Completeness","Ratio"
"United States",752,137,184.492507844901,0.0558510638297776,74.2577579980502,5.48905109489051
