"Area","Records","Observed.richness","Richness","Slope","Completeness","Ratio"
"United States",2715,81,89.2321390418972,0.00662983425414154,90.7744685599972,33.5185185185185
