"Area","Records","Observed.richness","Richness","Slope","Completeness","Ratio"
"United States",5042,1033,1445.78989792407,0.0717969059896859,71.4488323291808,4.88092933204259
