"Area","Records","Observed.richness","Richness","Slope","Completeness","Ratio"
"United States",3146,223,246.191216300587,0.00826446280990467,90.5799984869192,14.1076233183857
