"Area","Records","Observed.richness","Richness","Slope","Completeness","Ratio"
"United States",105330,390,427.020344494087,0.00051267445172698,91.3305431529389,270.076923076923
