"Area","Records","Observed.richness","Richness","Slope","Completeness","Ratio"
"United States",4000,81,89.9944050879523,0.00275000000000603,90.0055952598809,49.3827160493827
