"Area","Records","Observed.richness","Richness","Slope","Completeness","Ratio"
"United States",1007,108,133.771471878833,0.0327706057596799,80.7347026111993,9.32407407407407
