"Area","Records","Observed.richness","Richness","Slope","Completeness","Ratio"
"United States",18642,331,380.845294587217,0.0038086042270038,86.911931092324,56.3202416918429
