"Area","Records","Observed.richness","Richness","Slope","Completeness","Ratio"
"United States",2052,29,29.2319807303522,0.000974658869395739,99.2064146029239,70.7586206896552
