"Area","Records","Observed.richness","Richness","Slope","Completeness","Ratio"
"United States",10471,221,231.781354728912,0.00238754655714501,95.3484805792419,47.3800904977376
