"Area","Records","Observed.richness","Richness","Slope","Completeness","Ratio"
"United States",16548,1210,1563.69193516495,0.0240512448633581,77.3809708158636,13.6760330578512
