"Area","Records","Observed.richness","Richness","Slope","Completeness","Ratio"
"United States",12828,2107,2828.38323825733,0.0555815403804445,74.494855276338,6.08827717133365
