"Area","Records","Observed.richness","Richness","Slope","Completeness","Ratio"
"United States",15658,284,291.241832612244,0.000638651168742399,97.5134641382765,55.1338028169014
