"Area","Records","Observed.richness","Richness","Slope","Completeness","Ratio"
"United States",12475,1522,1945.21932189773,0.0369539078155867,78.243105179274,8.19645203679369
