"Area","Records","Observed.richness","Richness","Slope","Completeness","Ratio"
"United States",5836,209,230.793384421268,0.00651130911583664,90.5571884237857,27.9234449760766
