"Area","Records","Observed.richness","Richness","Slope","Completeness","Ratio"
"Canada",5,3,4.8482145482525,0.2,61.8784496878614,1.66666666666667
"United States",437,25,29.1066283988861,0.0183066361556072,85.891088646175,17.48
