"Area","Records","Observed.richness","Richness","Slope","Completeness","Ratio"
"United States",3499,467,591.261241600917,0.0440125750214406,78.9836991065974,7.49250535331906
