"Area","Records","Observed.richness","Richness","Slope","Completeness","Ratio"
"United States",10594,1431,2289.27369202956,0.0625825939212064,62.5089086107194,7.40321453529001
