"Area","Records","Observed.richness","Richness","Slope","Completeness","Ratio"
"United States",19088,227,232.599146672303,0.000733445096386731,97.5927913956662,84.0881057268722
