"Area","Records","Observed.richness","Richness","Slope","Completeness","Ratio"
"United States",1250,36,40.2649212891547,0.00560000000000116,89.4078489349898,34.7222222222222
