"Area","Records","Observed.richness","Richness","Slope","Completeness","Ratio"
"United States",2779,374,626.226427803439,0.0633321338610813,59.7228068626627,7.43048128342246
