"Area","Records","Observed.richness","Richness","Slope","Completeness","Ratio"
"United States",33729,243,246.327358893258,0.000444721159823303,98.6492126135692,138.802469135802
