"Area","Records","Observed.richness","Richness","Slope","Completeness","Ratio"
"United States",7612,1311,1997.20176714508,0.0680504466631646,65.6418405774807,5.80625476735317
