"Area","Records","Observed.richness","Richness","Slope","Completeness","Ratio"
"United States",192839,2101,2327.43686680213,0.0021261259394123,90.2709770549759,91.7843883864826
