"Area","Records","Observed.richness","Richness","Slope","Completeness","Ratio"
"United States",4821,185,197.532522152615,0.0045633685957398,93.6554639124526,26.0594594594595
