"Area","Records","Observed.richness","Richness","Slope","Completeness","Ratio"
"United States",5914,912,1292.67517175187,0.0600270544471186,70.5513666487486,6.48464912280702
