"Area","Records","Observed.richness","Richness","Slope","Completeness","Ratio"
"United States",1117,380,663.174423803382,0.172784243509398,57.3001591075627,2.93947368421053
