"Area","Records","Observed.richness","Richness","Slope","Completeness","Ratio"
"United States",2176,184,229.491819804026,0.0229779411764639,80.1771497376797,11.8260869565217
