"Area","Records","Observed.richness","Richness","Slope","Completeness","Ratio"
"United States",4760,76,89.0540727148423,0.00378151260504467,85.3414085208181,62.6315789473684
