"Area","Records","Observed.richness","Richness","Slope","Completeness","Ratio"
"United States",4529,73,82.4228620267311,0.00331198940163802,88.5676597547958,62.041095890411
