"Area","Records","Observed.richness","Richness","Slope","Completeness","Ratio"
"United States",30845,328,365.191545197336,0.00210731074730575,89.8158799987444,94.0396341463415
