"Area","Records","Observed.richness","Richness","Slope","Completeness","Ratio"
"United States",70190,258,261.234049400147,0.000299187918528787,98.7620107686677,272.054263565891
