"Area","Records","Observed.richness","Richness","Slope","Completeness","Ratio"
"United States",5534,1168,2064.48461591275,0.106432959884387,56.5758635834448,4.73801369863014
