"Area","Records","Observed.richness","Richness","Slope","Completeness","Ratio"
"United States",1016,164,200.545636296485,0.0383858267716448,81.7768977817816,6.19512195121951
