"Area","Records","Observed.richness","Richness","Slope","Completeness","Ratio"
"United States",3759,779,1136.34231848091,0.0872572492684185,68.5532860416027,4.82541720154044
