"Area","Records","Observed.richness","Richness","Slope","Completeness","Ratio"
"United States",25294,1432,1695.49033964834,0.0159326322448123,84.4593429117982,17.6634078212291
