"Area","Records","Observed.richness","Richness","Slope","Completeness","Ratio"
"United States",5662,89,107.691493862783,0.00441540091840409,82.6434816786931,63.6179775280899
