"Area","Records","Observed.richness","Richness","Slope","Completeness","Ratio"
"United States",3798,116,128.916897404566,0.00710900473933407,89.9804465786746,32.7413793103448
