"Area","Records","Observed.richness","Richness","Slope","Completeness","Ratio"
"United States",1573,498,967.071847774231,0.179910998092851,51.4956568269642,3.15863453815261
