"Area","Records","Observed.richness","Richness","Slope","Completeness","Ratio"
"United States",4421,1289,2949.24448555657,0.183895046369571,43.7061086767361,3.42979053529868
