"Area","Records","Observed.richness","Richness","Slope","Completeness","Ratio"
"United States",8592,1514,2176.79670733783,0.0695996275605921,69.5517406332163,5.67503302509908
