"Area","Records","Observed.richness","Richness","Slope","Completeness","Ratio"
"United States",523,12,12.4095573278155,0.00191204588910132,96.6996620669339,43.5833333333333
