"Area","Records","Observed.richness","Richness","Slope","Completeness","Ratio"
"United States",5018,1009,1446.37258344485,0.0747309685133359,69.7607249714902,4.97324083250743
