"Area","Records","Observed.richness","Richness","Slope","Completeness","Ratio"
"United States",11784,937,1137.37636817459,0.0217243720298939,82.3825803154168,12.5763073639274
