"Area","Records","Observed.richness","Richness","Slope","Completeness","Ratio"
"United States",2828,168,228.418444338775,0.0194483734087783,73.5492269401998,16.8333333333333
