"Area","Records","Observed.richness","Richness","Slope","Completeness","Ratio"
"United States",2040,39,42.0769917925945,0.00343137254901649,92.6872343732138,52.3076923076923
