"Area","Records","Observed.richness","Richness","Slope","Completeness","Ratio"
"United States",15533,1377,1944.17985395444,0.034507178265585,70.8267806190461,11.2803195352215
