"Area","Records","Observed.richness","Richness","Slope","Completeness","Ratio"
"United States",2284,545,791.35526834967,0.0980735551663656,68.8691946332232,4.19082568807339
