"Area","Records","Observed.richness","Richness","Slope","Completeness","Ratio"
"United States",6478,190,209.401321686804,0.00663785118862847,90.7348618764586,34.0947368421053
