"Area","Records","Observed.richness","Richness","Slope","Completeness","Ratio"
"United States",51703,273,275.446549480103,0.000406165986476026,99.1117879368174,189.388278388278
