"Area","Records","Observed.richness","Richness","Slope","Completeness","Ratio"
"United States",70500,1999,2452.97829929706,0.00801418439709778,81.4927714840707,35.2676338169085
