"Area","Records","Observed.richness","Richness","Slope","Completeness","Ratio"
"United States",280,15,16.1858766699819,0.00714285714285623,92.6733862233041,18.6666666666667
