"Area","Records","Observed.richness","Richness","Slope","Completeness","Ratio"
"United States",1457,117,137.580762419684,0.017158544955393,85.0409591735626,12.4529914529915
