"Area","Records","Observed.richness","Richness","Slope","Completeness","Ratio"
"United States",11864,273,285.866318143212,0.00446729602157347,95.4991835950516,43.4578754578755
