"Area","Records","Observed.richness","Richness","Slope","Completeness","Ratio"
"United States",3966,780,1108.06494072775,0.0796772566817481,70.3929861265819,5.08461538461538
