"Area","Records","Observed.richness","Richness","Slope","Completeness","Ratio"
"United States",2290,159,191.897919297659,0.0174672489083036,82.8565523701017,14.4025157232704
