"Area","Records","Observed.richness","Richness","Slope","Completeness","Ratio"
"Canada",35,28,123.700709843073,0.600000000000001,22.6352783549268,1.25
"United States",1328,364,624.767542545274,0.133283132530096,58.2616693749936,3.64835164835165
