"Area","Records","Observed.richness","Richness","Slope","Completeness","Ratio"
"United States",132561,317,337.864436144241,0.000369641146335198,93.8246130956105,418.173501577287
