"Area","Records","Observed.richness","Richness","Slope","Completeness","Ratio"
"United States",10462,267,277.945455409423,0.00305868858725944,96.0620131769018,39.1835205992509
