"Area","Records","Observed.richness","Richness","Slope","Completeness","Ratio"
"United States",74476,292,292.018524622143,0.000255115741992995,99.9936563537649,255.054794520548
