"Area","Records","Observed.richness","Richness","Slope","Completeness","Ratio"
"United States",8411,1373,2084.62042085318,0.0708595886339936,65.8633095150277,6.12600145666424
