"Area","Records","Observed.richness","Richness","Slope","Completeness","Ratio"
"United States",80129,293,299.343291019659,0.000349436533610969,97.8809309545399,273.477815699659
