"Area","Records","Observed.richness","Richness","Slope","Completeness","Ratio"
"United States",58050,1968,2361.96683201666,0.00930232558130228,83.3203910115753,29.4969512195122
