"Area","Records","Observed.richness","Richness","Slope","Completeness","Ratio"
"United States",1500,21,21.9126167722128,0.00133333333333496,95.8351995031007,71.4285714285714
