"Area","Records","Observed.richness","Richness","Slope","Completeness","Ratio"
"United States",21610,271,323.994663897889,0.0035631652012853,83.6433528687402,79.7416974169742
