"Area","Records","Observed.richness","Richness","Slope","Completeness","Ratio"
"United States",33194,244,247.070811085376,0.000331385190094124,98.7571129621158,136.040983606557
