"Area","Records","Observed.richness","Richness","Slope","Completeness","Ratio"
"United States",26178,284,329.916587964493,0.00294140117654251,86.0823645613616,92.1760563380282
