"Area","Records","Observed.richness","Richness","Slope","Completeness","Ratio"
"United States",74643,2059,2308.94306235213,0.0064306097019653,89.1750010458241,36.2520641087907
