"Area","Records","Observed.richness","Richness","Slope","Completeness","Ratio"
"United States",1108,362,804.947977266912,0.191335740072191,44.9718503833155,3.06077348066298
