"Area","Records","Observed.richness","Richness","Slope","Completeness","Ratio"
"United States",10375,197,202.308331627366,0.00154216867468904,97.376118133808,52.6649746192893
