"Area","Records","Observed.richness","Richness","Slope","Completeness","Ratio"
"Canada",8,4,7.14741862489096,0.25,55.9642608041728,2
"United States",515,22,22.988373042748,0.00582524271844775,95.7005524448814,23.4090909090909
