"Area","Records","Observed.richness","Richness","Slope","Completeness","Ratio"
"United States",7314,241,251.142041222523,0.00205086136176647,95.9616314444394,30.3485477178423
