"Area","Records","Observed.richness","Richness","Slope","Completeness","Ratio"
"United States",1939,466,747.932052693248,0.113976276431174,62.3051249537934,4.16094420600858
