"Area","Records","Observed.richness","Richness","Slope","Completeness","Ratio"
"United States",21157,258,262.71766778407,0.000992579288151774,98.204282253317,82.0038759689922
