"Area","Records","Observed.richness","Richness","Slope","Completeness","Ratio"
"United States",35849,298,301.877293222738,0.000362632151507114,98.7156062049764,120.298657718121
