"Area","Records","Observed.richness","Richness","Slope","Completeness","Ratio"
"United States",2004,635,1020.46489740064,0.140718562874213,62.2265402384237,3.15590551181102
