"Area","Records","Observed.richness","Richness","Slope","Completeness","Ratio"
"United States",6608,229,266.821983494559,0.00817191283292118,85.8250122425425,28.8558951965066
