"Area","Records","Observed.richness","Richness","Slope","Completeness","Ratio"
"United States",37327,1713,2147.77596270159,0.0142792080798699,79.756922032282,21.790426152948
