"Area","Records","Observed.richness","Richness","Slope","Completeness","Ratio"
"United States",3619,885,1290.62577931466,0.0884222160817671,68.5713871661501,4.08926553672316
