"Area","Records","Observed.richness","Richness","Slope","Completeness","Ratio"
"United States",5279,1578,2545.2106744705,0.139230914945983,61.9987970280018,3.34537389100127
