"Area","Records","Observed.richness","Richness","Slope","Completeness","Ratio"
"United States",156184,312,317.065679326236,0.000166470317083167,98.4023249261791,500.589743589744
