"Area","Records","Observed.richness","Richness","Slope","Completeness","Ratio"
"United States",2177,31,33.0527880236978,0.00275608635737257,93.7893649932768,70.2258064516129
