"Area","Records","Observed.richness","Richness","Slope","Completeness","Ratio"
"United States",9594,1330,1876.75826789165,0.0529497602667561,70.8668784229798,7.21353383458647
