"Area","Records","Observed.richness","Richness","Slope","Completeness","Ratio"
"United States",5532,1710,4479.83769568747,0.217462039045586,38.1710257415383,3.23508771929825
