"Area","Records","Observed.richness","Richness","Slope","Completeness","Ratio"
"Mexico",9,7,24.7494921140843,0.555555555555555,28.2834086765622,1.28571428571429
"United States",1443,271,470.545418388541,0.0990990990990781,57.5927401286965,5.32472324723247
