"Area","Records","Observed.richness","Richness","Slope","Completeness","Ratio"
"United States",4834,153,173.057548238242,0.00703351261896046,88.4098969143896,31.5947712418301
