"Area","Records","Observed.richness","Richness","Slope","Completeness","Ratio"
"United States",387,19,21.6858722078252,0.00516795865632957,87.6146452303818,20.3684210526316
