"Area","Records","Observed.richness","Richness","Slope","Completeness","Ratio"
"United States",10141,1218,1676.46925277502,0.0442757124544642,72.6526894533779,8.32594417077176
