"Area","Records","Observed.richness","Richness","Slope","Completeness","Ratio"
"United States",9037,159,180.669396649854,0.00354099811883657,88.0060502488694,56.8364779874214
