"Area","Records","Observed.richness","Richness","Slope","Completeness","Ratio"
"United States",3326,36,36.9232516370833,0.00180396873120969,97.4995386480099,92.3888888888889
