"Area","Records","Observed.richness","Richness","Slope","Completeness","Ratio"
"United States",3713,197,216.28321014623,0.0102343118771842,91.0842778164829,18.8477157360406
