"Area","Records","Observed.richness","Richness","Slope","Completeness","Ratio"
"United States",45792,1786,2047.9947529358,0.00939028651305307,87.2072546787421,25.6394176931691
