"Area","Records","Observed.richness","Richness","Slope","Completeness","Ratio"
"United States",6126,825,1179.6693927766,0.0551746653608234,69.9348482762778,7.42545454545455
