"Area","Records","Observed.richness","Richness","Slope","Completeness","Ratio"
"United States",10857,1029,1359.30971285358,0.0320530533297188,75.700187401724,10.5510204081633
