"Area","Records","Observed.richness","Richness","Slope","Completeness","Ratio"
"United States",5727,179,202.917226549136,0.00663523659855514,88.2133089654934,31.9944134078212
