"Area","Records","Observed.richness","Richness","Slope","Completeness","Ratio"
"United States",33620,296,305.526231249133,0.000892325996403542,96.8820250849869,113.581081081081
