"Area","Records","Observed.richness","Richness","Slope","Completeness","Ratio"
"United States",1922,158,264.916832014464,0.0374609781477488,59.6413594404502,12.1645569620253
