"Area","Records","Observed.richness","Richness","Slope","Completeness","Ratio"
"United States",11852,58,60.6153381860091,0.000843739453259218,95.6853524796258,204.344827586207
