"Area","Records","Observed.richness","Richness","Slope","Completeness","Ratio"
"United States",1648,108,122.697525432877,0.0109223300970882,88.0213350831455,15.2592592592593
