"Area","Records","Observed.richness","Richness","Slope","Completeness","Ratio"
"United States",2000,79,102.118057930903,0.0130000000000052,77.3614398870124,25.3164556962025
