"Area","Records","Observed.richness","Richness","Slope","Completeness","Ratio"
"United States",54506,304,330.733975842678,0.00106410303453686,91.9167736624086,179.296052631579
