"Area","Records","Observed.richness","Richness","Slope","Completeness","Ratio"
"United States",23818,305,344.5866837001,0.0020152825593982,88.5118358971314,78.0918032786885
