"Area","Records","Observed.richness","Richness","Slope","Completeness","Ratio"
"United States",23572,2767,3612.58991976375,0.0380111997283166,76.5932492050178,8.51897361763643
