"Area","Records","Observed.richness","Richness","Slope","Completeness","Ratio"
"United States",5543,205,217.34615335991,0.00324733898611385,94.3195896642046,27.0390243902439
