"Area","Records","Observed.richness","Richness","Slope","Completeness","Ratio"
"United States",2930,182,203.174157880207,0.00887372013650634,89.5783213273159,16.0989010989011
