"Area","Records","Observed.richness","Richness","Slope","Completeness","Ratio"
"United States",13517,271,281.779515523297,0.00199748464893901,96.1744857488032,49.8782287822878
