"Area","Records","Observed.richness","Richness","Slope","Completeness","Ratio"
"United States",371,13,14.1493162834845,0.00539083557951514,91.8772309526644,28.5384615384615
