"Area","Records","Observed.richness","Richness","Slope","Completeness","Ratio"
"United States",4332,41,42.8710966496704,0.000923361034168124,95.6355288390208,105.658536585366
