"Area","Records","Observed.richness","Richness","Slope","Completeness","Ratio"
"United States",10719,226,256.42868125933,0.00457132195168697,88.1336669869011,47.429203539823
