"Area","Records","Observed.richness","Richness","Slope","Completeness","Ratio"
"United States",652,30,31.9423414271409,0.00460122699386645,93.9192265176575,21.7333333333333
