"Area","Records","Observed.richness","Richness","Slope","Completeness","Ratio"
"United States",120341,355,359.410425479214,0.000249291596389867,98.772872135433,338.988732394366
