"Area","Records","Observed.richness","Richness","Slope","Completeness","Ratio"
"United States",376,23,24.2781862170527,0.00797872340425698,94.7352483186947,16.3478260869565
