"Area","Records","Observed.richness","Richness","Slope","Completeness","Ratio"
"United States",1341,19,19.7888098832025,0.00149142431021687,96.0138589038039,70.5789473684211
