"Area","Records","Observed.richness","Richness","Slope","Completeness","Ratio"
"United States",11722,906,1068.69151534099,0.0209861798327893,84.7765690093382,12.9381898454746
