"Area","Records","Observed.richness","Richness","Slope","Completeness","Ratio"
"United States",7232,207,242.072512549883,0.00649889380531476,85.5115675132031,34.9371980676328
