"Area","Records","Observed.richness","Richness","Slope","Completeness","Ratio"
"United States",6452,45,47.2112946511482,0.000929944203349464,95.3161745139848,143.377777777778
