"Area","Records","Observed.richness","Richness","Slope","Completeness","Ratio"
"United States",26372,1549,1752.30424967108,0.0124374336417077,88.3978909650399,17.0251775338928
