"Area","Records","Observed.richness","Richness","Slope","Completeness","Ratio"
"United States",1548,35,39.2360157551132,0.00581395348837077,89.2037566159831,44.2285714285714
