"Area","Records","Observed.richness","Richness","Slope","Completeness","Ratio"
"United States",1495,553,1143.17545418722,0.218729096989932,48.3740267493038,2.70343580470163
