"Area","Records","Observed.richness","Richness","Slope","Completeness","Ratio"
"United States",12105,261,268.901215421266,0.00181743081373043,97.0616661553992,46.3793103448276
