"Area","Records","Observed.richness","Richness","Slope","Completeness","Ratio"
"United States",4932,104,115.674696897288,0.00486618004866557,89.9073027979022,47.4230769230769
