"Area","Records","Observed.richness","Richness","Slope","Completeness","Ratio"
"United States",26084,295,299.609769932968,0.000613402852309264,98.4614086736894,88.4203389830509
