"Area","Records","Observed.richness","Richness","Slope","Completeness","Ratio"
"United States",4297,203,281.517643292976,0.0162904351873294,72.1091572185184,21.1674876847291
