"Area","Records","Observed.richness","Richness","Slope","Completeness","Ratio"
"United States",18769,1463,1789.11077668619,0.0222174862806241,81.7724659123561,12.8291182501709
