"Area","Records","Observed.richness","Richness","Slope","Completeness","Ratio"
"United States",2239,611,977.555926894737,0.122376060741431,62.5028178122633,3.66448445171849
