"Area","Records","Observed.richness","Richness","Slope","Completeness","Ratio"
"United States",16330,1516,1959.21676751622,0.0297611757500817,77.3778596189687,10.7717678100264
