"Area","Records","Observed.richness","Richness","Slope","Completeness","Ratio"
"United States",8384,231,246.847467234968,0.0026240458015252,93.5800567806176,36.2943722943723
