"Area","Records","Observed.richness","Richness","Slope","Completeness","Ratio"
"United States",19665,301,333.470119865585,0.00218662598524588,90.2629597282439,65.3322259136213
