"Area","Records","Observed.richness","Richness","Slope","Completeness","Ratio"
"United States",4230,39,43.1517123368204,0.00141843971631062,90.3788004878828,108.461538461538
