"Area","Records","Observed.richness","Richness","Slope","Completeness","Ratio"
"United States",1101,114,149.547519848395,0.0354223433242566,76.2299502630121,9.6578947368421
