"Area","Records","Observed.richness","Richness","Slope","Completeness","Ratio"
"United States",1641,681,1628.03271788879,0.273004265691611,41.8296261811685,2.40969162995595
