"Area","Records","Observed.richness","Richness","Slope","Completeness","Ratio"
"United States",20759,1745,2366.39859262034,0.0314562358494186,73.7407470339874,11.8962750716332
