"Area","Records","Observed.richness","Richness","Slope","Completeness","Ratio"
"United States",4559,147,165.059643900522,0.00570300504497823,89.0587163077812,31.0136054421769
