"Area","Records","Observed.richness","Richness","Slope","Completeness","Ratio"
"United States",7074,938,1324.31972306803,0.0528696635566348,70.8288175174913,7.54157782515991
