"Area","Records","Observed.richness","Richness","Slope","Completeness","Ratio"
"United States",1205,163,197.217555856892,0.0273858921161718,82.6498428559163,7.39263803680982
