"Area","Records","Observed.richness","Richness","Slope","Completeness","Ratio"
"United States",18173,221,227.59065290418,0.000715346943280792,97.1041636288311,82.2307692307692
