"Area","Records","Observed.richness","Richness","Slope","Completeness","Ratio"
"United States",955,18,30.2012574454107,0.00837696335078419,59.6001674186425,53.0555555555556
