"Area","Records","Observed.richness","Richness","Slope","Completeness","Ratio"
"United States",7023,1540,2557.6260524136,0.106222412074658,60.2120860689044,4.56038961038961
