"Area","Records","Observed.richness","Richness","Slope","Completeness","Ratio"
"United States",2509,211,235.772634000478,0.0135512156237496,89.4929985808158,11.8909952606635
