"Area","Records","Observed.richness","Richness","Slope","Completeness","Ratio"
"United States",961,118,142.659435767065,0.0343392299687793,82.7144726638837,8.14406779661017
