"Area","Records","Observed.richness","Richness","Slope","Completeness","Ratio"
"United States",13136,1356,1753.16556415844,0.0327344701584025,77.3458039401379,9.68731563421829
