"Area","Records","Observed.richness","Richness","Slope","Completeness","Ratio"
"United States",7322,229,239.262631107612,0.00191204588909955,95.7107254651076,31.9737991266376
