"Area","Records","Observed.richness","Richness","Slope","Completeness","Ratio"
"United States",11206,1013,1307.83387865923,0.027663751561704,77.4563204493913,11.0621915103653
