"Area","Records","Observed.richness","Richness","Slope","Completeness","Ratio"
"United States",30526,287,293.093863957826,0.000851732948945028,97.9208490155552,106.362369337979
