"Area","Records","Observed.richness","Richness","Slope","Completeness","Ratio"
"United States",3503,305,384.395794521901,0.0176991150442518,79.3453009493377,11.4852459016393
