"Area","Records","Observed.richness","Richness","Slope","Completeness","Ratio"
"United States",3987,95,150.932601013836,0.00953097567092698,62.9420015038975,41.9684210526316
