"Area","Records","Observed.richness","Richness","Slope","Completeness","Ratio"
"United States",14648,1627,2339.76201097506,0.0442381212451437,69.5369867690935,9.00307314074985
