"Area","Records","Observed.richness","Richness","Slope","Completeness","Ratio"
"United States",52226,2969,3832.87227175705,0.0188028951097294,77.4614907435713,17.5904344897272
