"Area","Records","Observed.richness","Richness","Slope","Completeness","Ratio"
"United States",50872,1702,2131.12105500364,0.0102413901556702,79.8640694766678,29.8895417156287
