"Area","Records","Observed.richness","Richness","Slope","Completeness","Ratio"
"United States",2348,88,101.324592097371,0.00851788756388316,86.8495971002121,26.6818181818182
