"Area","Records","Observed.richness","Richness","Slope","Completeness","Ratio"
"United States",5040,34,34.7667809618684,0.000793650793653455,97.7945011282196,148.235294117647
