"Area","Records","Observed.richness","Richness","Slope","Completeness","Ratio"
"United States",1044,54,62.8480996842331,0.0134099616858236,85.9214523132943,19.3333333333333
