"Area","Records","Observed.richness","Richness","Slope","Completeness","Ratio"
"United States",2294,123,142.153986957596,0.00915431560592594,86.5258883218592,18.650406504065
