"Area","Records","Observed.richness","Richness","Slope","Completeness","Ratio"
"United States",28910,307,311.227582614938,0.000726392251806374,98.641642691365,94.1693811074919
