"Area","Records","Observed.richness","Richness","Slope","Completeness","Ratio"
"United States",13186,174,190.426826244985,0.00242681632033737,91.3736806053516,75.7816091954023
