"Area","Records","Observed.richness","Richness","Slope","Completeness","Ratio"
"United States",5519,859,1234.67322548551,0.0605182098206569,69.5730645379646,6.42491268917346
