"Area","Records","Observed.richness","Richness","Slope","Completeness","Ratio"
"United States",820,29,34.0252412282393,0.00975609756097384,85.2308432009923,28.2758620689655
