"Area","Records","Observed.richness","Richness","Slope","Completeness","Ratio"
"United States",4339,223,244.596334083919,0.00691403549205916,91.1706223379008,19.457399103139
