"Area","Records","Observed.richness","Richness","Slope","Completeness","Ratio"
"United States",10354,213,231.568463085425,0.00193162062970487,91.9814370065689,48.6103286384977
