"Area","Records","Observed.richness","Richness","Slope","Completeness","Ratio"
"United States",11309,266,274.571431821882,0.00176850296224984,96.878250674148,42.515037593985
