"Area","Records","Observed.richness","Richness","Slope","Completeness","Ratio"
"United States",1272,18,17.9633229207355,0.000786163522011663,100.204177586888,70.6666666666667
