"Area","Records","Observed.richness","Richness","Slope","Completeness","Ratio"
"United States",2324,429,617.954160414622,0.0740103270223926,69.4226250879448,5.41724941724942
