"Area","Records","Observed.richness","Richness","Slope","Completeness","Ratio"
"United States",40394,230,233.692801013016,0.000297073822849825,98.4198054039284,175.626086956522
