"Area","Records","Observed.richness","Richness","Slope","Completeness","Ratio"
"United States",37220,261,263.208508021573,0.000322407307919548,99.1609283308609,142.605363984674
