"Area","Records","Observed.richness","Richness","Slope","Completeness","Ratio"
"United States",1821,585,1038.54336313179,0.169686985172916,56.3288949472363,3.11282051282051
