"Area","Records","Observed.richness","Richness","Slope","Completeness","Ratio"
"United States",35641,288,291.642829107924,0.000476978760389102,98.7509279350134,123.753472222222
