"Area","Records","Observed.richness","Richness","Slope","Completeness","Ratio"
"United States",692,104,135.437062447539,0.0549132947976858,76.7884345101503,6.65384615384615
