"Area","Records","Observed.richness","Richness","Slope","Completeness","Ratio"
"United States",348,14,15.9222993386778,0.00574712643678232,87.9269991237497,24.8571428571429
