"Area","Records","Observed.richness","Richness","Slope","Completeness","Ratio"
"United States",72278,3824,4930.56347689149,0.016408865768426,77.5570584969097,18.9011506276151
