"Area","Records","Observed.richness","Richness","Slope","Completeness","Ratio"
"United States",1253,33,36.7033034012594,0.00478850758180727,89.9101632330665,37.969696969697
