"Area","Records","Observed.richness","Richness","Slope","Completeness","Ratio"
"United States",5623,172,181.751171935322,0.00284545616219134,94.6348780965265,32.6918604651163
