"Area","Records","Observed.richness","Richness","Slope","Completeness","Ratio"
"United States",1223,117,145.489875273736,0.0278004905968885,80.417967078374,10.4529914529915
