"Area","Records","Observed.richness","Richness","Slope","Completeness","Ratio"
"United States",9327,1007,1568.16594700101,0.0488903184303808,64.2151426592194,9.26216484607746
