"Area","Records","Observed.richness","Richness","Slope","Completeness","Ratio"
"Canada",6,4,11.5757163319762,0.5,34.555096939881,1.5
"United States",203,19,24.1799308182419,0.029556650246306,78.5775614612841,10.6842105263158
