"Area","Records","Observed.richness","Richness","Slope","Completeness","Ratio"
"United States",35875,265,267.487097174202,0.000334494773539973,99.0701991982132,135.377358490566
