"Area","Records","Observed.richness","Richness","Slope","Completeness","Ratio"
"United States",1916,78,146.351377826112,0.0213987473903927,53.2963892507225,24.5641025641026
