"Area","Records","Observed.richness","Richness","Slope","Completeness","Ratio"
"United States",13562,1098,1539.13634443024,0.0317062380179323,71.3387091386279,12.3515482695811
