"Area","Records","Observed.richness","Richness","Slope","Completeness","Ratio"
"United States",8951,813,1270.33220204006,0.0415596022791078,63.9990074009286,11.009840098401
