"Area","Records","Observed.richness","Richness","Slope","Completeness","Ratio"
"United States",49971,262,264.041082230197,0.00048027856155386,99.2269830842395,190.729007633588
