"Area","Records","Observed.richness","Richness","Slope","Completeness","Ratio"
"United States",2120,465,681.319611325864,0.0905660377358686,68.2499068381576,4.55913978494624
