"Area","Records","Observed.richness","Richness","Slope","Completeness","Ratio"
"United States",157010,410,412.86511906832,0.000152856505962973,99.3060399302354,382.951219512195
