"Area","Records","Observed.richness","Richness","Slope","Completeness","Ratio"
"United States",34059,253,253.86891412406,0.000411051410793561,99.6577311849864,134.620553359684
