"Area","Records","Observed.richness","Richness","Slope","Completeness","Ratio"
"United States",1907,17,17.5256139204751,0.00104876769795581,97.0008815505116,112.176470588235
