"Area","Records","Observed.richness","Richness","Slope","Completeness","Ratio"
"United States",3191,124,147.35769113987,0.0112817298652459,84.1489840406772,25.7338709677419
