"Area","Records","Observed.richness","Richness","Slope","Completeness","Ratio"
"United States",1164,530,1191.86459096528,0.273195876288696,44.4681387481071,2.19622641509434
