"Area","Records","Observed.richness","Richness","Slope","Completeness","Ratio"
"United States",11504,235,263.008927453238,0.00408553546591861,89.3505791896674,48.9531914893617
