"Area","Records","Observed.richness","Richness","Slope","Completeness","Ratio"
"United States",17927,222,231.021286850322,0.00128298097840229,96.0950408625473,80.7522522522522
