"Area","Records","Observed.richness","Richness","Slope","Completeness","Ratio"
"United States",15840,1488,2176.56974822016,0.039457070707158,68.3644528835697,10.6451612903226
