"Area","Records","Observed.richness","Richness","Slope","Completeness","Ratio"
"United States",1323,161,205.791556956605,0.0370370370370381,78.2345021248612,8.21739130434783
