"Area","Records","Observed.richness","Richness","Slope","Completeness","Ratio"
"United States",84734,242,244.311231527072,0.000188826209068793,99.0539806489346,350.140495867769
