"Area","Records","Observed.richness","Richness","Slope","Completeness","Ratio"
"United States",3748,224,311.349029524556,0.0258804695837966,71.9449809565999,16.7321428571429
