"Area","Records","Observed.richness","Richness","Slope","Completeness","Ratio"
"United States",12414,131,177.249654493062,0.00459159014016564,73.9070552067721,94.763358778626
