"Area","Records","Observed.richness","Richness","Slope","Completeness","Ratio"
"United States",4853,1323,2466.02088389816,0.149186070471842,53.6491806958531,3.6681783824641
