"Area","Records","Observed.richness","Richness","Slope","Completeness","Ratio"
"United States",5091,899,1597.03852831593,0.0933019053230737,56.2916914063427,5.66295884315907
