"Area","Records","Observed.richness","Richness","Slope","Completeness","Ratio"
"United States",1113,31,31.7007310081521,0.00449236298292988,97.7895430614141,35.9032258064516
