"Area","Records","Observed.richness","Richness","Slope","Completeness","Ratio"
"United States",6665,65,69.6385377091992,0.00105026256564145,93.3391224718574,102.538461538462
