"Area","Records","Observed.richness","Richness","Slope","Completeness","Ratio"
"United States",1888,182,221.104882350808,0.0206567796610102,82.3138765932977,10.3736263736264
