"Area","Records","Observed.richness","Richness","Slope","Completeness","Ratio"
"United States",7933,260,274.789359879435,0.00327744863227508,94.6179284795001,30.5115384615385
