"Area","Records","Observed.richness","Richness","Slope","Completeness","Ratio"
"United States",11665,1446,2081.46025489961,0.0483497642519524,69.4704593371994,8.067081604426
