"Area","Records","Observed.richness","Richness","Slope","Completeness","Ratio"
"Canada",188,129,427.006262273213,0.505319148936167,30.2103297767239,1.45736434108527
"United States",7912,1001,1293.47596444517,0.0388018200202396,77.388372688423,7.9040959040959
