"Area","Records","Observed.richness","Richness","Slope","Completeness","Ratio"
"United States",9148,295,307.811154754096,0.00284215128988308,95.837982296538,31.0101694915254
