"Area","Records","Observed.richness","Richness","Slope","Completeness","Ratio"
"United States",1563,637,1173.97291065656,0.199616122840666,54.2601958033042,2.45368916797488
