"Area","Records","Observed.richness","Richness","Slope","Completeness","Ratio"
"Mexico",8,7,45.3854722980917,0.75,15.4234376014069,1.14285714285714
"United States",3579,401,631.206764901582,0.0525286392847306,63.5291036626523,8.92518703241895
