"Area","Records","Observed.richness","Richness","Slope","Completeness","Ratio"
"United States",2060,419,700.518385433925,0.0985436893203655,59.8128484151715,4.91646778042959
