"Area","Records","Observed.richness","Richness","Slope","Completeness","Ratio"
"United States",2193,36,39.1788890510345,0.00273597811217741,91.8862195227289,60.9166666666667
