"Area","Records","Observed.richness","Richness","Slope","Completeness","Ratio"
"United States",2253,135,162.061459617189,0.013759431868607,83.3017302934877,16.6888888888889
