"Area","Records","Observed.richness","Richness","Slope","Completeness","Ratio"
"United States",2428,1089,2656.58736734436,0.296952224052802,40.9924406547417,2.22956841138659
