"Area","Records","Observed.richness","Richness","Slope","Completeness","Ratio"
"United States",914,12,12.6551797954811,0.00109409190372034,94.8228329737755,76.1666666666667
