"Area","Records","Observed.richness","Richness","Slope","Completeness","Ratio"
"United States",11974,215,220.81080302038,0.00167028561884308,97.368424487889,55.693023255814
