"Area","Records","Observed.richness","Richness","Slope","Completeness","Ratio"
"United States",87997,334,337.504098008721,0.000159096332822628,98.961761344708,263.464071856287
