"Area","Records","Observed.richness","Richness","Slope","Completeness","Ratio"
"United States",12521,229,238.882113431755,0.0019966456353302,95.8631840242079,54.6768558951965
