"Area","Records","Observed.richness","Richness","Slope","Completeness","Ratio"
"United States",1354,162,188.205150076586,0.0265878877400212,86.0762842749401,8.35802469135803
