"Area","Records","Observed.richness","Richness","Slope","Completeness","Ratio"
"United States",2268,995,2482.39966120463,0.285714285714221,40.0821840072746,2.27939698492462
