"Area","Records","Observed.richness","Richness","Slope","Completeness","Ratio"
"United States",38794,251,254.970688922181,0.000386657730587103,98.4426880834945,154.557768924303
