"Area","Records","Observed.richness","Richness","Slope","Completeness","Ratio"
"United States",3416,148,167.63109626479,0.00644028103045002,88.2891082250151,23.0810810810811
