"Area","Records","Observed.richness","Richness","Slope","Completeness","Ratio"
"United States",6399,212,238.42441018591,0.00578215346146749,88.9170701249483,30.1839622641509
