"Area","Records","Observed.richness","Richness","Slope","Completeness","Ratio"
"United States",76518,285,304.109190143676,0.00056195927754743,93.7163391429742,268.484210526316
