"Area","Records","Observed.richness","Richness","Slope","Completeness","Ratio"
"United States",15364,1980,2609.7564457673,0.0454959645926465,75.8691487556745,7.75959595959596
