"Area","Records","Observed.richness","Richness","Slope","Completeness","Ratio"
"United States",42640,1608,2179.67762250476,0.0143527204502334,73.7723773184485,26.5174129353234
