"Area","Records","Observed.richness","Richness","Slope","Completeness","Ratio"
"United States",26575,253,255.979327007226,0.000602069614302536,98.8361063988806,105.0395256917
