"Area","Records","Observed.richness","Richness","Slope","Completeness","Ratio"
"Canada",63,50,238.129993386242,0.63492063492064,20.9969350307339,1.26
"United States",70184,287,286.801987736327,0.00018522740225535,100.069041454432,244.543554006969
