"Area","Records","Observed.richness","Richness","Slope","Completeness","Ratio"
"United States",25654,1573,2107.77803478805,0.022842441724606,74.628351469569,16.3089637635092
