"Area","Records","Observed.richness","Richness","Slope","Completeness","Ratio"
"United States",9689,217,227.122819544117,0.00134172773249475,95.5430196030344,44.6497695852535
