"Area","Records","Observed.richness","Richness","Slope","Completeness","Ratio"
"United States",22751,257,288.162628304905,0.00232956793109906,89.1857495580822,88.5252918287938
