"Area","Records","Observed.richness","Richness","Slope","Completeness","Ratio"
"United States",10987,1574,2518.78595362454,0.0665331755710667,62.4904231236883,6.98030495552732
