"Area","Records","Observed.richness","Richness","Slope","Completeness","Ratio"
"United States",168291,301,303.898180074333,0.000124783856563226,99.0463318754906,559.106312292359
