"Area","Records","Observed.richness","Richness","Slope","Completeness","Ratio"
"United States",112984,316,316.147692027037,0.00014161297173132,99.9532838509464,357.544303797468
