"Area","Records","Observed.richness","Richness","Slope","Completeness","Ratio"
"United States",747,23,27.5651560887029,0.00803212851405632,83.4386713646297,32.4782608695652
