"Area","Records","Observed.richness","Richness","Slope","Completeness","Ratio"
"United States",97134,389,397.894409338306,0.000257376407830634,97.7646307337927,249.701799485861
