"Area","Records","Observed.richness","Richness","Slope","Completeness","Ratio"
"United States",175612,314,319.162663142072,0.000108193061976181,98.3824351221892,559.273885350318
