"Area","Records","Observed.richness","Richness","Slope","Completeness","Ratio"
"United States",74696,2226,2764.95910171226,0.00892952768572286,80.5075199347977,33.5561545372866
