"Area","Records","Observed.richness","Richness","Slope","Completeness","Ratio"
"United States",7274,1053,1436.91523471039,0.0540280450920818,73.2819845293261,6.90788224121557
