"Area","Records","Observed.richness","Richness","Slope","Completeness","Ratio"
"United States",16419,1017,1285.64765339382,0.0193678055910596,79.1040995808883,16.1445427728614
