"Area","Records","Observed.richness","Richness","Slope","Completeness","Ratio"
"United States",16318,293,376.795192588139,0.00551538178700639,77.7610770422614,55.6928327645051
