"Area","Records","Observed.richness","Richness","Slope","Completeness","Ratio"
"United States",2558,183,233.625720257189,0.0203283815480688,78.3304166161769,13.9781420765027
