"Area","Records","Observed.richness","Richness","Slope","Completeness","Ratio"
"Canada",21,19,180.659283353687,0.80952380952381,10.5170349662036,1.10526315789474
"United States",30135,1404,1576.725181174,0.0102538576406914,89.045321072034,21.4636752136752
