"Area","Records","Observed.richness","Richness","Slope","Completeness","Ratio"
"United States",24043,1148,1324.69191890966,0.0112298797987478,86.6616594856942,20.9433797909408
