"Area","Records","Observed.richness","Richness","Slope","Completeness","Ratio"
"United States",6971,49,58.5509964902204,0.00200832018362007,83.6877302475702,142.265306122449
