"Area","Records","Observed.richness","Richness","Slope","Completeness","Ratio"
"Canada",2126,209,241.780605131528,0.0155221072436404,86.4420038515102,10.1722488038278
"United States",45643,279,278.835011628696,0.000372455798242299,100.059170607859,163.594982078853
