"Area","Records","Observed.richness","Richness","Slope","Completeness","Ratio"
"United States",138420,389,391.913000384767,0.00011559023261043,99.2567226956218,355.835475578406
