"Area","Records","Observed.richness","Richness","Slope","Completeness","Ratio"
"United States",12995,1365,1746.35026616822,0.0307810696422166,78.1630138262604,9.52014652014652
