"Area","Records","Observed.richness","Richness","Slope","Completeness","Ratio"
"United States",476,26,27.2015947030497,0.00630252100840423,95.5826314002281,18.3076923076923
