"Area","Records","Observed.richness","Richness","Slope","Completeness","Ratio"
"United States",4974,1112,1960.56738121349,0.119018898270951,56.7182750593212,4.47302158273381
