"Area","Records","Observed.richness","Richness","Slope","Completeness","Ratio"
"United States",4376,699,1052.35888176091,0.0671846435100178,66.4222074916465,6.26037195994278
