"Area","Records","Observed.richness","Richness","Slope","Completeness","Ratio"
"United States",1506,423,675.523493567034,0.132138114209852,62.6181034454318,3.56028368794326
