"Area","Records","Observed.richness","Richness","Slope","Completeness","Ratio"
"United States",4361,858,1345.35063882041,0.0871359779866907,63.7751954949295,5.08275058275058
