"Area","Records","Observed.richness","Richness","Slope","Completeness","Ratio"
"United States",1572,369,519.653136035498,0.0890585241730264,71.0089046734423,4.26016260162602
