"Area","Records","Observed.richness","Richness","Slope","Completeness","Ratio"
"United States",22918,291,295.103206940144,0.000567239724261981,98.6095688411222,78.7560137457045
