"Area","Records","Observed.richness","Richness","Slope","Completeness","Ratio"
"United States",37808,267,269.566802918834,0.000634786288628675,99.0478045178258,141.602996254682
