"Area","Records","Observed.richness","Richness","Slope","Completeness","Ratio"
"United States",5282,194,208.121831760746,0.00473305566072213,93.2146321982309,27.2268041237113
