"Area","Records","Observed.richness","Richness","Slope","Completeness","Ratio"
"United States",222677,311,309.334566694066,4.49080955604586e-05,100.53839224104,716.003215434084
