"Area","Records","Observed.richness","Richness","Slope","Completeness","Ratio"
"United States",3994,647,943.268033609379,0.0660991487230831,68.5913204886504,6.17310664605873
