"Area","Records","Observed.richness","Richness","Slope","Completeness","Ratio"
"United States",81716,1796,2078.02367974259,0.00499290224684046,86.4282740138206,45.4988864142539
