"Area","Records","Observed.richness","Richness","Slope","Completeness","Ratio"
"United States",335,23,25.4668566458075,0.00597014925373074,90.3134623950002,14.5652173913043
