"Area","Records","Observed.richness","Richness","Slope","Completeness","Ratio"
"United States",24679,348,412.601432423633,0.00312006159083467,84.3428967165329,70.9166666666667
