"Area","Records","Observed.richness","Richness","Slope","Completeness","Ratio"
"United States",6672,689,874.795536407122,0.0337230215827731,78.7612614977205,9.68359941944848
