"Area","Records","Observed.richness","Richness","Slope","Completeness","Ratio"
"United States",34017,1431,1700.09804375849,0.0109357086162163,84.1716161755245,23.7714884696017
