"Area","Records","Observed.richness","Richness","Slope","Completeness","Ratio"
"United States",21703,298,334.067618258865,0.00221167580519932,89.2034976491148,72.8288590604027
