"Area","Records","Observed.richness","Richness","Slope","Completeness","Ratio"
"United States",19932,242,247.720294492048,0.000702388119606212,97.6908252495915,82.3636363636364
