"Area","Records","Observed.richness","Richness","Slope","Completeness","Ratio"
"United States",3973,193,234.370657097721,0.0140951422099249,82.3481925553198,20.5854922279793
