"Area","Records","Observed.richness","Richness","Slope","Completeness","Ratio"
"United States",3688,162,190.153447217461,0.00921908893710111,85.194353492175,22.7654320987654
