"Area","Records","Observed.richness","Richness","Slope","Completeness","Ratio"
"United States",3097,167,191.473870851106,0.0116241524055454,87.2181667700565,18.5449101796407
