"Area","Records","Observed.richness","Richness","Slope","Completeness","Ratio"
"Canada",104,78,300.88219327094,0.557692307692307,25.9237674227408,1.33333333333333
"United States",3807,711,1017.2380886728,0.0724980299448816,69.8951413555154,5.35443037974684
