"Area","Records","Observed.richness","Richness","Slope","Completeness","Ratio"
"United States",10178,279,330.875658342494,0.00589506779328985,84.3217060443906,36.4802867383513
