"Area","Records","Observed.richness","Richness","Slope","Completeness","Ratio"
"United States",2095,26,25.9305171167822,0.00143198090692209,100.267957954347,80.5769230769231
