"Area","Records","Observed.richness","Richness","Slope","Completeness","Ratio"
"United States",1164,137,167.670765787226,0.0240549828178587,81.7077439569002,8.4963503649635
