"Area","Records","Observed.richness","Richness","Slope","Completeness","Ratio"
"United States",17931,237,243.779527386308,0.00100384808433773,97.2189923169534,75.6582278481013
