"Area","Records","Observed.richness","Richness","Slope","Completeness","Ratio"
"United States",2203,37,38.0559074566603,0.00136177939173621,97.2253783256573,59.5405405405405
