"Area","Records","Observed.richness","Richness","Slope","Completeness","Ratio"
"United States",1254,21,22.9926488572858,0.00159489633173848,91.3335393862008,59.7142857142857
