"Area","Records","Observed.richness","Richness","Slope","Completeness","Ratio"
"United States",2888,947,1796.07979782406,0.181094182825518,52.7259424189997,3.04963041182682
