"Area","Records","Observed.richness","Richness","Slope","Completeness","Ratio"
"United States",4298,613,862.619154218244,0.0560725919032166,71.0626464764206,7.01141924959217
