"Area","Records","Observed.richness","Richness","Slope","Completeness","Ratio"
"United States",3425,164,202.484104912672,0.0163503649635004,80.9940118858862,20.8841463414634
