"Area","Records","Observed.richness","Richness","Slope","Completeness","Ratio"
"United States",1297,41,46.9227737024338,0.00539707016191215,87.3776138213956,31.6341463414634
