"Area","Records","Observed.richness","Richness","Slope","Completeness","Ratio"
"United States",32368,292,297.919268728594,0.000525210084049377,98.013129948306,110.849315068493
