"Area","Records","Observed.richness","Richness","Slope","Completeness","Ratio"
"United States",9740,1337,2045.89874072566,0.0620123203284493,65.3502528441743,7.28496634255797
