"Area","Records","Observed.richness","Richness","Slope","Completeness","Ratio"
"United States",4987,898,1383.68670719366,0.0808101062763171,64.8990841157455,5.55345211581292
