"Area","Records","Observed.richness","Richness","Slope","Completeness","Ratio"
"United States",46519,281,282.703507307224,0.000107482963926486,99.3974226483957,165.548042704626
