"Area","Records","Observed.richness","Richness","Slope","Completeness","Ratio"
"United States",2412,173,210.392640759327,0.0219734660033168,82.2272106931244,13.9421965317919
