"Area","Records","Observed.richness","Richness","Slope","Completeness","Ratio"
"United States",49098,274,276.247255720287,0.000448083424998913,99.1865056851234,179.189781021898
