"Area","Records","Observed.richness","Richness","Slope","Completeness","Ratio"
"United States",620,179,256.923397189789,0.0854838709677495,69.6705718349867,3.46368715083799
