"Area","Records","Observed.richness","Richness","Slope","Completeness","Ratio"
"United States",29615,240,245.231376526583,0.000709100118172046,97.8667588949346,123.395833333333
