"Area","Records","Observed.richness","Richness","Slope","Completeness","Ratio"
"United States",7906,219,227.600974178733,0.00215026562105436,96.2210292773269,36.1004566210046
