"Area","Records","Observed.richness","Richness","Slope","Completeness","Ratio"
"United States",1985,521,826.216305572693,0.119899244332487,63.0585473181709,3.80998080614203
