"Area","Records","Observed.richness","Richness","Slope","Completeness","Ratio"
"United States",12864,47,48.9456091568414,0.000777363184077728,96.0249567012092,273.702127659574
