"Area","Records","Observed.richness","Richness","Slope","Completeness","Ratio"
"United States",1677,93,108.159773116193,0.0131186642814498,85.9839081763724,18.0322580645161
