"Area","Records","Observed.richness","Richness","Slope","Completeness","Ratio"
"United States",3060,692,1149.32936672023,0.107189542483638,60.2090245004979,4.42196531791908
