"Area","Records","Observed.richness","Richness","Slope","Completeness","Ratio"
"United States",3552,770,1161.58165287449,0.0923423423423628,66.2889258016889,4.61298701298701
