"Area","Records","Observed.richness","Richness","Slope","Completeness","Ratio"
"United States",1130,12,13.5545913088311,0.00265486725663777,88.5308876275872,94.1666666666667
