"Area","Records","Observed.richness","Richness","Slope","Completeness","Ratio"
"United States",48925,266,268.929546153821,0.000204394481329473,98.9106640769974,183.928571428571
