"Area","Records","Observed.richness","Richness","Slope","Completeness","Ratio"
"United States",9245,1115,1486.61550383039,0.0407787993510738,75.0025811736193,8.2914798206278
