"Area","Records","Observed.richness","Richness","Slope","Completeness","Ratio"
"United States",53817,2197,2864.45202524756,0.0136945574818128,76.6987884815466,24.4956759217114
