"Area","Records","Observed.richness","Richness","Slope","Completeness","Ratio"
"United States",18041,1720,2555.1532518182,0.038800509949624,67.3149447602048,10.4889534883721
