"Area","Records","Observed.richness","Richness","Slope","Completeness","Ratio"
"United States",14270,229,235.438450964797,0.00098107918711321,97.2653358283605,62.3144104803493
