"Area","Records","Observed.richness","Richness","Slope","Completeness","Ratio"
"United States",55465,289,290.341327111243,0.000396646533829426,99.5380171591181,191.920415224913
