"Area","Records","Observed.richness","Richness","Slope","Completeness","Ratio"
"United States",7683,205,214.302732105108,0.0031237797735173,95.6590697590615,37.4780487804878
