"Area","Records","Observed.richness","Richness","Slope","Completeness","Ratio"
"United States",9432,219,239.529326041247,0.00402883799830533,91.4293058054564,43.0684931506849
