"Area","Records","Observed.richness","Richness","Slope","Completeness","Ratio"
"United States",210,18,20.9828107995521,0.00476190476190652,85.7845031914609,11.6666666666667
