"Area","Records","Observed.richness","Richness","Slope","Completeness","Ratio"
"United States",13981,236,243.925813851131,0.00193119233244943,96.7507277208601,59.2415254237288
