"Area","Records","Observed.richness","Richness","Slope","Completeness","Ratio"
"United States",29156,3428,4750.22410165643,0.0409521196324931,72.1650163579574,8.50525087514586
