"Area","Records","Observed.richness","Richness","Slope","Completeness","Ratio"
"United States",5387,169,200.483376181934,0.00816781139781142,84.2962659640351,31.8757396449704
