"Area","Records","Observed.richness","Richness","Slope","Completeness","Ratio"
"United States",10071,1077,1565.38703121827,0.0429947373647792,68.8008766216634,9.35097493036212
