"Area","Records","Observed.richness","Richness","Slope","Completeness","Ratio"
"United States",13813,1127,1368.52393332442,0.0214290885398896,82.3515009534606,12.2564330079858
