"Area","Records","Observed.richness","Richness","Slope","Completeness","Ratio"
"United States",1598,145,175.901952448802,0.0275344180225261,82.4322857031411,11.0206896551724
