"Area","Records","Observed.richness","Richness","Slope","Completeness","Ratio"
"United States",8202,1212,1782.97458450536,0.0664472079979532,67.9762914476001,6.76732673267327
