"Area","Records","Observed.richness","Richness","Slope","Completeness","Ratio"
"United States",4128,248,314.67198212144,0.0174418604651123,78.8122279994697,16.6451612903226
