"Area","Records","Observed.richness","Richness","Slope","Completeness","Ratio"
"United States",7428,1202,1627.38633820631,0.0538502961765062,73.860765067306,6.17970049916805
