"Area","Records","Observed.richness","Richness","Slope","Completeness","Ratio"
"United States",2898,189,232.107976545541,0.0186335403726616,81.4276195126438,15.3333333333333
