"Area","Records","Observed.richness","Richness","Slope","Completeness","Ratio"
"United States",1721,468,763.742306435204,0.124346310284693,61.2772130150034,3.67735042735043
