"Area","Records","Observed.richness","Richness","Slope","Completeness","Ratio"
"United States",1349,48,52.6959748016715,0.00518902891030137,91.0885512236077,28.1041666666667
