"Area","Records","Observed.richness","Richness","Slope","Completeness","Ratio"
"United States",70998,345,349.326200058461,0.00028169807598033,98.7615586641549,205.791304347826
