"Area","Records","Observed.richness","Richness","Slope","Completeness","Ratio"
"United States",50208,257,257.842163082468,0.00027884002548717,99.6733803841853,195.36186770428
