"Area","Records","Observed.richness","Richness","Slope","Completeness","Ratio"
"United States",1913,590,915.639564213991,0.127548353371708,64.4358351319682,3.24237288135593
