"Area","Records","Observed.richness","Richness","Slope","Completeness","Ratio"
"United States",2457,602,932.434337924835,0.105006105006055,64.5621869031306,4.08139534883721
