"Area","Records","Observed.richness","Richness","Slope","Completeness","Ratio"
"United States",1960,575,993.730106216755,0.143367346938817,57.8627935696838,3.40869565217391
