"Area","Records","Observed.richness","Richness","Slope","Completeness","Ratio"
"United States",1865,143,173.857757773635,0.0182305630026747,82.2511470475698,13.041958041958
