"Area","Records","Observed.richness","Richness","Slope","Completeness","Ratio"
"United States",4636,285,419.892156154985,0.0256686798964552,67.874571082677,16.2666666666667
