"Area","Records","Observed.richness","Richness","Slope","Completeness","Ratio"
"United States",15616,242,272.401043625233,0.00307377049179536,88.8396008984978,64.5289256198347
