"Area","Records","Observed.richness","Richness","Slope","Completeness","Ratio"
"United States",35436,3637,5403.99280711997,0.0435150694211188,67.3020881006376,9.74319494088535
