"Area","Records","Observed.richness","Richness","Slope","Completeness","Ratio"
"United States",21331,234,239.564184168006,0.000562561530159655,97.6773722719319,91.1581196581197
