"Area","Records","Observed.richness","Richness","Slope","Completeness","Ratio"
"United States",5811,663,881.619894123439,0.0423335054207428,75.2024772148768,8.76470588235294
