"Area","Records","Observed.richness","Richness","Slope","Completeness","Ratio"
"United States",12480,62,64.2197290187827,0.000801282051284602,96.5435403532558,201.290322580645
