"Area","Records","Observed.richness","Richness","Slope","Completeness","Ratio"
"United States",33562,270,307.167532656712,0.00193671414098162,87.899914963262,124.303703703704
