"Area","Records","Observed.richness","Richness","Slope","Completeness","Ratio"
"United States",4814,971,1402.11527174091,0.0822600747818569,69.2525086610303,4.95777548918641
