"Area","Records","Observed.richness","Richness","Slope","Completeness","Ratio"
"United States",4478,765,1135.84402608952,0.0701205895488783,67.3507966259889,5.85359477124183
