"Area","Records","Observed.richness","Richness","Slope","Completeness","Ratio"
"United States",3456,614,854.170912730847,0.0619212962963047,71.8825695008739,5.62866449511401
