"Area","Records","Observed.richness","Richness","Slope","Completeness","Ratio"
"United States",1635,89,118.988917291529,0.0177370030581017,74.7968819498924,18.3707865168539
