"Area","Records","Observed.richness","Richness","Slope","Completeness","Ratio"
"United States",20129,2294,3137.10860528087,0.04068756520428,73.1246599540221,8.77462946817785
