"Area","Records","Observed.richness","Richness","Slope","Completeness","Ratio"
"United States",41476,307,332.812933382661,0.00120551644323541,92.2440113368486,135.100977198697
