"Area","Records","Observed.richness","Richness","Slope","Completeness","Ratio"
"United States",1033,42,43.499218724292,0.00484027105517981,96.5534582729073,24.5952380952381
