"Area","Records","Observed.richness","Richness","Slope","Completeness","Ratio"
"United States",584,101,145.265703495819,0.0667808219178028,69.5277670981073,5.78217821782178
