"Area","Records","Observed.richness","Richness","Slope","Completeness","Ratio"
"Mexico",37,28,134.155496926772,0.648648648648646,20.8713028101142,1.32142857142857
"United States",14160,312,320.63308412539,0.0021186440678207,97.3074880438682,45.3846153846154
