"Area","Records","Observed.richness","Richness","Slope","Completeness","Ratio"
"United States",3788,193,228.665708239484,0.0131995776135057,84.4026861246153,19.6269430051813
