"Area","Records","Observed.richness","Richness","Slope","Completeness","Ratio"
"United States",1107,323,618.812173806862,0.168925022583551,52.1967753176122,3.42724458204334
