"Area","Records","Observed.richness","Richness","Slope","Completeness","Ratio"
"United States",1752,154,201.130641557027,0.0285388127853992,76.5671499915818,11.3766233766234
