"Area","Records","Observed.richness","Richness","Slope","Completeness","Ratio"
"United States",3869,669,1011.01774968013,0.0767640217110284,66.1709450908913,5.78325859491779
