"Area","Records","Observed.richness","Richness","Slope","Completeness","Ratio"
"United States",2234,174,196.607875264677,0.0165622202327711,88.5010327107996,12.8390804597701
