"Area","Records","Observed.richness","Richness","Slope","Completeness","Ratio"
"United States",43812,267,269.091870554532,0.00031954715603888,99.2226184498917,164.089887640449
