"Area","Records","Observed.richness","Richness","Slope","Completeness","Ratio"
"United States",57227,257,261.38986098425,0.000174742691399388,98.3205695248774,222.673151750973
