"Area","Records","Observed.richness","Richness","Slope","Completeness","Ratio"
"United States",28733,263,271.265169723615,0.000870079699325288,96.9531032192462,109.250950570342
