"Area","Records","Observed.richness","Richness","Slope","Completeness","Ratio"
"United States",5346,511,705.976319744855,0.0351664796109503,72.3820311968366,10.4618395303327
