"Area","Records","Observed.richness","Richness","Slope","Completeness","Ratio"
"United States",344,11,11.4402783827148,0.00290697674418539,96.1515063883406,31.2727272727273
