"Area","Records","Observed.richness","Richness","Slope","Completeness","Ratio"
"United States",206614,312,314.602226459306,4.83994307955982e-05,99.172851861669,662.224358974359
