"Area","Records","Observed.richness","Richness","Slope","Completeness","Ratio"
"United States",4514,174,199.221087925566,0.00996898537883339,87.3401514929036,25.9425287356322
