"Area","Records","Observed.richness","Richness","Slope","Completeness","Ratio"
"United States",22781,2172,2890.24841429251,0.0339756814887551,75.149249775877,10.4884898710866
