"Area","Records","Observed.richness","Richness","Slope","Completeness","Ratio"
"United States",1580,33,34.8323965984396,0.00126582278480925,94.7393898284861,47.8787878787879
