"Area","Records","Observed.richness","Richness","Slope","Completeness","Ratio"
"United States",16009,246,252.163347858683,0.00106190267973716,97.5558113774183,65.0772357723577
