"Area","Records","Observed.richness","Richness","Slope","Completeness","Ratio"
"United States",54231,2240,2898.5751759173,0.0137190905570606,77.2793480952625,24.2102678571429
