"Area","Records","Observed.richness","Richness","Slope","Completeness","Ratio"
"United States",1008,29,30.1536112953583,0.0029761904761898,96.1742184574227,34.7586206896552
