"Area","Records","Observed.richness","Richness","Slope","Completeness","Ratio"
"United States",5601,1317,2015.82464266761,0.102303160150086,65.3330638054493,4.25284738041002
