"Area","Records","Observed.richness","Richness","Slope","Completeness","Ratio"
"Canada",14,9,20.1147081129085,0.285714285714285,44.7433785739316,1.55555555555556
"United States",254,60,86.4698831273158,0.0826771653543332,69.3883209159167,4.23333333333333
