"Area","Records","Observed.richness","Richness","Slope","Completeness","Ratio"
"United States",3937,691,1041.59070207905,0.0759461518923672,66.3408379722225,5.69753979739508
