"Area","Records","Observed.richness","Richness","Slope","Completeness","Ratio"
"United States",1471,178,332.424987934246,0.0611828687967488,53.5459145553789,8.26404494382022
