"Area","Records","Observed.richness","Richness","Slope","Completeness","Ratio"
"United States",1403,29,29.5055628373419,0.00427655024946461,98.2865507764454,48.3793103448276
