"Area","Records","Observed.richness","Richness","Slope","Completeness","Ratio"
"United States",1647,87,98.2072558801872,0.00971463266544959,88.5881590115296,18.9310344827586
