"Area","Records","Observed.richness","Richness","Slope","Completeness","Ratio"
"United States",1863,148,185.367744793607,0.0230810520665727,79.8412907082551,12.5878378378378
