"Area","Records","Observed.richness","Richness","Slope","Completeness","Ratio"
"United States",5544,189,197.605234778354,0.00505050505049098,95.6452394654392,29.3333333333333
