"Area","Records","Observed.richness","Richness","Slope","Completeness","Ratio"
"United States",904,121,162.082400854535,0.0464601769911468,74.6533857852922,7.47107438016529
