"Area","Records","Observed.richness","Richness","Slope","Completeness","Ratio"
"United States",31365,275,276.675458889927,0.00060577076357049,99.3944316938519,114.054545454545
