"Area","Records","Observed.richness","Richness","Slope","Completeness","Ratio"
"United States",8333,1675,2386.33677256057,0.0733229329173355,70.1912663484921,4.97492537313433
