"Area","Records","Observed.richness","Richness","Slope","Completeness","Ratio"
"United States",1430,532,1036.63146270585,0.210489510489538,51.3200707425331,2.68796992481203
