"Area","Records","Observed.richness","Richness","Slope","Completeness","Ratio"
"United States",1034,42,47.456307390039,0.00967117988394506,88.5024611266231,24.6190476190476
