"Area","Records","Observed.richness","Richness","Slope","Completeness","Ratio"
"United States",78989,1914,2285.25549788256,0.00682373495033062,83.7543111382272,41.2690700104493
