"Area","Records","Observed.richness","Richness","Slope","Completeness","Ratio"
"United States",1642,147,172.312310604873,0.0237515225335017,85.3102134629739,11.1700680272109
