"Area","Records","Observed.richness","Richness","Slope","Completeness","Ratio"
"United States",85256,290,292.463898675869,0.000293234493767613,99.1575374988078,293.986206896552
