"Area","Records","Observed.richness","Richness","Slope","Completeness","Ratio"
"United States",9395,241,277.940165582604,0.00553485896753614,86.7093100757238,38.9834024896266
