"Area","Records","Observed.richness","Richness","Slope","Completeness","Ratio"
"United States",424,19,23.0664940079194,0.00707547169811207,82.3705587571165,22.3157894736842
