"Area","Records","Observed.richness","Richness","Slope","Completeness","Ratio"
"United States",3857,845,1259.43373788961,0.0897070261861472,67.0936449118741,4.56449704142012
