"Area","Records","Observed.richness","Richness","Slope","Completeness","Ratio"
"United States",4210,47,49.0263525372024,0.00142517814726517,95.8668095170557,89.5744680851064
