"Area","Records","Observed.richness","Richness","Slope","Completeness","Ratio"
"United States",10964,2228,3201.87495848178,0.0746990149582416,69.5842288936993,4.92100538599641
