"Area","Records","Observed.richness","Richness","Slope","Completeness","Ratio"
"United States",584,107,142.908677388158,0.0667808219178028,74.8729901889545,5.45794392523364
