"Area","Records","Observed.richness","Richness","Slope","Completeness","Ratio"
"United States",1587,254,434.970949376723,0.0793950850661531,58.3947043736969,6.24803149606299
