"Area","Records","Observed.richness","Richness","Slope","Completeness","Ratio"
"United States",5449,842,1158.97545856296,0.0556065333088327,72.6503735501019,6.47149643705463
