"Area","Records","Observed.richness","Richness","Slope","Completeness","Ratio"
"United States",7381,208,218.962360168173,0.00325159192522051,94.9934956127834,35.4855769230769
