"Area","Records","Observed.richness","Richness","Slope","Completeness","Ratio"
"United States",8660,748,1046.27087674154,0.0317551963048572,71.4920023703175,11.5775401069519
