"Area","Records","Observed.richness","Richness","Slope","Completeness","Ratio"
"United States",15414,1859,2886.60547048669,0.0543012845464546,64.4009033796561,8.29155459924691
