"Area","Records","Observed.richness","Richness","Slope","Completeness","Ratio"
"United States",2068,573,964.732219456559,0.135880077369393,59.3947199485859,3.60907504363002
