"Area","Records","Observed.richness","Richness","Slope","Completeness","Ratio"
"United States",1522,31,35.7644708172827,0.00525624178712292,86.6782012751596,49.0967741935484
