"Area","Records","Observed.richness","Richness","Slope","Completeness","Ratio"
"United States",3269,608,943.266277503352,0.0740287549709819,64.4568786673113,5.37664473684211
