"Area","Records","Observed.richness","Richness","Slope","Completeness","Ratio"
"United States",140450,339,338.978388351849,0.000128159487360335,100.006375523896,414.306784660767
