"Area","Records","Observed.richness","Richness","Slope","Completeness","Ratio"
"United States",57160,3317,3964.66366808134,0.0167424772566847,83.6640955626188,17.2324389508592
