"Area","Records","Observed.richness","Richness","Slope","Completeness","Ratio"
"United States",2798,195,217.107043194185,0.013938527519656,89.8174454089856,14.3487179487179
