"Area","Records","Observed.richness","Richness","Slope","Completeness","Ratio"
"United States",3530,742,1107.21499529445,0.0849858356940558,67.0149883404237,4.75741239892183
