"Area","Records","Observed.richness","Richness","Slope","Completeness","Ratio"
"United States",3725,1215,1966.4501469857,0.135570469798722,61.7864633823761,3.06584362139918
