"Area","Records","Observed.richness","Richness","Slope","Completeness","Ratio"
"United States",8120,227,262.784670357678,0.00554187192116729,86.3825122260855,35.7709251101322
