"Area","Records","Observed.richness","Richness","Slope","Completeness","Ratio"
"United States",3441,170,183.459943336625,0.00784655623365893,92.6632794648106,20.2411764705882
