"Area","Records","Observed.richness","Richness","Slope","Completeness","Ratio"
"United States",24861,1997,2886.33334324808,0.0318169019749348,69.1881277216827,12.449173760641
