"Area","Records","Observed.richness","Richness","Slope","Completeness","Ratio"
"United States",26517,2099,2218.63925586396,0.0137647546857806,94.6075390333173,12.6331586469747
