"Area","Records","Observed.richness","Richness","Slope","Completeness","Ratio"
"United States",2128,132,165.932825522794,0.0187969924812137,79.5502635383421,16.1212121212121
