"Area","Records","Observed.richness","Richness","Slope","Completeness","Ratio"
"United States",22904,72,73.9470816935525,0.000436604959830333,97.3669255784541,318.111111111111
