"Area","Records","Observed.richness","Richness","Slope","Completeness","Ratio"
"United States",1062,145,182.107871757332,0.0357815442561105,79.6231368807712,7.32413793103448
