"Area","Records","Observed.richness","Richness","Slope","Completeness","Ratio"
"United States",6263,233,276.126633234004,0.00926073766564173,84.3815742332049,26.8798283261803
