"Area","Records","Observed.richness","Richness","Slope","Completeness","Ratio"
"United States",54705,370,419.992565062842,0.00124303080156096,88.0967976051287,147.851351351351
