"Area","Records","Observed.richness","Richness","Slope","Completeness","Ratio"
"United States",1211,45,49.6136473848688,0.0082576383154418,90.7008502134921,26.9111111111111
