"Area","Records","Observed.richness","Richness","Slope","Completeness","Ratio"
"United States",2962,166,183.517750065932,0.00877785280215448,90.4544655437207,17.8433734939759
