"Area","Records","Observed.richness","Richness","Slope","Completeness","Ratio"
"United States",17437,241,246.864405794327,0.00126168492286638,97.6244425455112,72.3526970954357
