"Area","Records","Observed.richness","Richness","Slope","Completeness","Ratio"
"United States",2829,593,1054.58357078327,0.109932838458803,56.2307261774958,4.77065767284992
