"Area","Records","Observed.richness","Richness","Slope","Completeness","Ratio"
"United States",26218,2113,3176.18591281184,0.033679151727938,66.5263324629944,12.4079507808803
