"Area","Records","Observed.richness","Richness","Slope","Completeness","Ratio"
"United States",64850,371,407.772836854637,0.000894371626827706,90.9820288329442,174.797843665768
