"Area","Records","Observed.richness","Richness","Slope","Completeness","Ratio"
"Mexico",9,7,24.7494921140843,0.555555555555555,28.2834086765622,1.28571428571429
"United States",2521,581,1045.57251704473,0.119793732645803,55.5676426578399,4.33907056798623
