"Area","Records","Observed.richness","Richness","Slope","Completeness","Ratio"
"United States",2280,474,720.519108562391,0.086403508771923,65.7859027425024,4.81012658227848
