"Area","Records","Observed.richness","Richness","Slope","Completeness","Ratio"
"United States",1064,353,595.449436954005,0.161654135338324,59.2829513460884,3.01416430594901
