"Area","Records","Observed.richness","Richness","Slope","Completeness","Ratio"
"United States",1781,121,145.274264355203,0.0145985401459825,83.2907332465638,14.7190082644628
