"Area","Records","Observed.richness","Richness","Slope","Completeness","Ratio"
"United States",47441,255,257.034811772085,0.000231866950514359,99.2083516788811,186.043137254902
