"Area","Records","Observed.richness","Richness","Slope","Completeness","Ratio"
"United States",98940,301,301.186697081608,9.09642207602701e-05,99.9380128394059,328.704318936877
