"Area","Records","Observed.richness","Richness","Slope","Completeness","Ratio"
"United States",21696,287,292.964044199528,0.000460914454265549,97.9642402139061,75.595818815331
