"Area","Records","Observed.richness","Richness","Slope","Completeness","Ratio"
"United States",1403,131,149.370471188501,0.0185317177476918,87.7014037364066,10.7099236641221
