"Area","Records","Observed.richness","Richness","Slope","Completeness","Ratio"
"United States",5804,205,255.496032651478,0.00895933838731366,80.2360795479124,28.3121951219512
