"Area","Records","Observed.richness","Richness","Slope","Completeness","Ratio"
"United States",16403,137,173.274129824346,0.00298725842833392,79.065467037048,119.729927007299
