"Area","Records","Observed.richness","Richness","Slope","Completeness","Ratio"
"United States",1228,350,650.096188802886,0.157166123778495,53.8381867219533,3.50857142857143
