"Area","Records","Observed.richness","Richness","Slope","Completeness","Ratio"
"United States",1358,379,700.104032920988,0.148011782032427,54.1348117105866,3.58311345646438
