"Area","Records","Observed.richness","Richness","Slope","Completeness","Ratio"
"United States",2482,24,24.4747572542782,0.000805801772763459,98.0602166985937,103.416666666667
