"Area","Records","Observed.richness","Richness","Slope","Completeness","Ratio"
"United States",4869,1255,1839.34445953176,0.0965290614090009,68.2308304731288,3.8796812749004
