"Area","Records","Observed.richness","Richness","Slope","Completeness","Ratio"
"United States",2621,547,860.357762760127,0.0984357115604553,63.5782024265302,4.79159049360146
