"Area","Records","Observed.richness","Richness","Slope","Completeness","Ratio"
"United States",12848,321,330.867493582533,0.00155666251555431,97.0176902313095,40.0249221183801
