"Area","Records","Observed.richness","Richness","Slope","Completeness","Ratio"
"United States",74765,359,364.602947555928,0.000173878151542795,98.4632742018443,208.259052924791
