"Area","Records","Observed.richness","Richness","Slope","Completeness","Ratio"
"Canada",59,31,65.7857422737244,0.305084745762713,47.1226726773314,1.90322580645161
"United States",2756,122,138.498535901584,0.00907111756168888,88.0875737825072,22.5901639344262
