"Area","Records","Observed.richness","Richness","Slope","Completeness","Ratio"
"United States",6688,1720,2832.49423759838,0.117075358851707,60.723865812993,3.88837209302326
