"Area","Records","Observed.richness","Richness","Slope","Completeness","Ratio"
"United States",5314,715,1074.85574948902,0.0579601053819943,66.5205540687582,7.43216783216783
