"Area","Records","Observed.richness","Richness","Slope","Completeness","Ratio"
"United States",6556,783,1033.49439840854,0.0420988407565801,75.7623845088783,8.37292464878672
