"Area","Records","Observed.richness","Richness","Slope","Completeness","Ratio"
"United States",9554,1631,2201.22668398781,0.058928197613568,74.0950494496653,5.85775597792765
