"Area","Records","Observed.richness","Richness","Slope","Completeness","Ratio"
"United States",2854,963,1903.40158131657,0.193763139453381,50.5936324448098,2.96365524402908
