"Area","Records","Observed.richness","Richness","Slope","Completeness","Ratio"
"United States",17430,229,249.885725104969,0.00229489386114778,91.6418894691982,76.1135371179039
