"Area","Records","Observed.richness","Richness","Slope","Completeness","Ratio"
"United States",824,24,25.4910898207555,0.00606796116504782,94.1505450287125,34.3333333333333
