"Area","Records","Observed.richness","Richness","Slope","Completeness","Ratio"
"United States",1287,118,143.710413797107,0.025641025641022,82.1095680418777,10.9067796610169
