"Area","Records","Observed.richness","Richness","Slope","Completeness","Ratio"
"United States",3440,254,287.769522135021,0.0119186046511572,88.2650803724877,13.5433070866142
