"Area","Records","Observed.richness","Richness","Slope","Completeness","Ratio"
"United States",485,105,166.528391391057,0.0969072164948415,63.0523114544651,4.61904761904762
