"Area","Records","Observed.richness","Richness","Slope","Completeness","Ratio"
"United States",4998,972,1482.99571671071,0.0818327330932789,65.5430079161589,5.14197530864198
