"Area","Records","Observed.richness","Richness","Slope","Completeness","Ratio"
"United States",7469,230,288.241266357752,0.0089704110322657,79.7942650288437,32.4739130434783
