"Area","Records","Observed.richness","Richness","Slope","Completeness","Ratio"
"United States",689,22,23.0431623222831,0.00580551523947648,95.4730070999223,31.3181818181818
