"Area","Records","Observed.richness","Richness","Slope","Completeness","Ratio"
"United States",42308,286,315.72192040508,0.000969083861207309,90.586044717153,147.93006993007
