"Area","Records","Observed.richness","Richness","Slope","Completeness","Ratio"
"United States",29169,217,236.329549175924,0.00137131886592101,91.8209342660173,134.41935483871
