"Area","Records","Observed.richness","Richness","Slope","Completeness","Ratio"
"United States",9792,1105,1498.92400892219,0.0416666666667425,73.7195477170691,8.86153846153846
