"Area","Records","Observed.richness","Richness","Slope","Completeness","Ratio"
"United States",19428,224,227.541538898343,0.00102944204240885,98.4435637925765,86.7321428571429
