"Area","Records","Observed.richness","Richness","Slope","Completeness","Ratio"
"Canada",36,18,33.9905493048693,0.25,52.9558961773572,2
"United States",1264,92,106.489186903019,0.017405063291136,86.3937482063656,13.7391304347826
