"Area","Records","Observed.richness","Richness","Slope","Completeness","Ratio"
"Mexico",9,6,13.6152753422562,0.333333333333333,44.0681502883637,1.5
"United States",2469,136,164.393541538091,0.0141757796678803,82.7283108129209,18.1544117647059
