"Area","Records","Observed.richness","Richness","Slope","Completeness","Ratio"
"United States",16109,1295,1626.627980179,0.0256999192997682,79.6125491372336,12.4393822393822
