"Area","Records","Observed.richness","Richness","Slope","Completeness","Ratio"
"United States",2477,383,628.679415749162,0.0750908356883428,60.921352028617,6.46736292428198
