"Area","Records","Observed.richness","Richness","Slope","Completeness","Ratio"
"United States",15559,2460,3891.55884585786,0.0710199884310896,63.2137428069063,6.32479674796748
