"Area","Records","Observed.richness","Richness","Slope","Completeness","Ratio"
"United States",5987,934,1403.79920283116,0.0648070820110433,66.5337320406167,6.41006423982869
