"Area","Records","Observed.richness","Richness","Slope","Completeness","Ratio"
"United States",1447,496,859.890958441104,0.158258465791278,57.6817322162799,2.91733870967742
