"Area","Records","Observed.richness","Richness","Slope","Completeness","Ratio"
"United States",1179,115,138.580070195299,0.0203562340966954,82.984515621858,10.2521739130435
