"Area","Records","Observed.richness","Richness","Slope","Completeness","Ratio"
"United States",3597,186,222.043005563036,0.0130664442590955,83.7675564372581,19.3387096774194
