"Area","Records","Observed.richness","Richness","Slope","Completeness","Ratio"
"United States",5229,529,985.382602342026,0.0474278064639293,53.6847310620961,9.88468809073724
