"Area","Records","Observed.richness","Richness","Slope","Completeness","Ratio"
"United States",9892,1334,2003.00287653582,0.0593408815204839,66.6000042050436,7.41529235382309
