"Area","Records","Observed.richness","Richness","Slope","Completeness","Ratio"
"United States",12118,287,295.132106667983,0.00132034989269414,97.2445875984847,42.2229965156794
