"Area","Records","Observed.richness","Richness","Slope","Completeness","Ratio"
"United States",28568,226,228.975375690685,0.000490058807059768,98.7005695779687,126.407079646018
