"Area","Records","Observed.richness","Richness","Slope","Completeness","Ratio"
"United States",2327,27,29.8078854245253,0.00214868929952772,90.5800583149885,86.1851851851852
