"Area","Records","Observed.richness","Richness","Slope","Completeness","Ratio"
"United States",6145,240,249.906561579496,0.00390561432058689,96.0358937689019,25.6041666666667
