"Area","Records","Observed.richness","Richness","Slope","Completeness","Ratio"
"United States",10475,226,232.877470111883,0.00152744630071311,97.0467430324718,46.3495575221239
