"Area","Records","Observed.richness","Richness","Slope","Completeness","Ratio"
"United States",5079,1229,2022.61094230667,0.118133490844684,60.7630451459142,4.13262815296989
