"Area","Records","Observed.richness","Richness","Slope","Completeness","Ratio"
"United States",6536,222,238.385582957891,0.00474296205629798,93.1264371131097,29.4414414414414
