"Area","Records","Observed.richness","Richness","Slope","Completeness","Ratio"
"United States",8702,1298,1826.74437638361,0.0547000689496144,71.0553713360619,6.70416024653313
