"Area","Records","Observed.richness","Richness","Slope","Completeness","Ratio"
"United States",12877,1158,1575.62903232834,0.0333152131706811,73.4944568956566,11.1200345423143
