"Area","Records","Observed.richness","Richness","Slope","Completeness","Ratio"
"United States",2505,39,42.9887940253329,0.00239520958083972,90.7213167622651,64.2307692307692
