"Area","Records","Observed.richness","Richness","Slope","Completeness","Ratio"
"United States",1768,506,990.134781769375,0.170248868778287,51.1041536280319,3.49407114624506
