"Area","Records","Observed.richness","Richness","Slope","Completeness","Ratio"
"United States",4235,658,1175.17197953086,0.0809917355371681,55.9918047282477,6.43617021276596
