"Area","Records","Observed.richness","Richness","Slope","Completeness","Ratio"
"United States",2150,153,173.995296011056,0.0134883720930361,87.9334117114743,14.0522875816993
