"Area","Records","Observed.richness","Richness","Slope","Completeness","Ratio"
"United States",37799,248,251.491136162608,0.000423291621473254,98.6118253645526,152.415322580645
