"Area","Records","Observed.richness","Richness","Slope","Completeness","Ratio"
"United States",1045,154,234.249216549558,0.0688995215311081,65.7419487964093,6.78571428571429
