"Area","Records","Observed.richness","Richness","Slope","Completeness","Ratio"
"United States",1680,47,48.5357057565096,0.00416666666666998,96.8359257734629,35.7446808510638
