"Area","Records","Observed.richness","Richness","Slope","Completeness","Ratio"
"United States",120378,3981,4984.1380060341,0.009827377095462,79.8733902468263,30.2381311228335
