"Area","Records","Observed.richness","Richness","Slope","Completeness","Ratio"
"United States",1113,126,162.778992250971,0.0341419586702614,77.4055658273975,8.83333333333333
