"Area","Records","Observed.richness","Richness","Slope","Completeness","Ratio"
"United States",11056,97,101.023272713721,0.00117583212735894,96.0174793335766,113.979381443299
