"Area","Records","Observed.richness","Richness","Slope","Completeness","Ratio"
"United States",2322,122,141.504279138811,0.013781223083555,86.2164739769617,19.0327868852459
