"Area","Records","Observed.richness","Richness","Slope","Completeness","Ratio"
"United States",3776,145,166.229978599797,0.00873940677965379,87.2285500012553,26.0413793103448
