"Area","Records","Observed.richness","Richness","Slope","Completeness","Ratio"
"United States",4350,194,231.931193877062,0.0128735632183918,83.6454970791176,22.4226804123711
