"Area","Records","Observed.richness","Richness","Slope","Completeness","Ratio"
"United States",7596,1316,2015.30670084621,0.0771458662454734,65.3002344232479,5.77203647416413
