"Area","Records","Observed.richness","Richness","Slope","Completeness","Ratio"
"United States",11002,52,55.0378159328607,0.000545355389931501,94.4804933092431,211.576923076923
