"Area","Records","Observed.richness","Richness","Slope","Completeness","Ratio"
"United States",2489,158,172.871912502898,0.0108477300120455,91.3971493184882,15.753164556962
