"Area","Records","Observed.richness","Richness","Slope","Completeness","Ratio"
"United States",5489,979,1361.75292479416,0.0655857168883358,71.8926306068322,5.60674157303371
