"Area","Records","Observed.richness","Richness","Slope","Completeness","Ratio"
"United States",11914,1201,1532.80272215785,0.0323149236191966,78.3532011418438,9.92006661115737
