"Area","Records","Observed.richness","Richness","Slope","Completeness","Ratio"
"United States",7912,217,227.192642731436,0.00227502527806678,95.5136563363608,36.4608294930876
