"Area","Records","Observed.richness","Richness","Slope","Completeness","Ratio"
"United States",83116,327,329.857536524713,0.000252658934527972,99.1337058553158,254.177370030581
