"Area","Records","Observed.richness","Richness","Slope","Completeness","Ratio"
"United States",3453,195,228.300297342867,0.013321749203584,85.4138177959286,17.7076923076923
