"Area","Records","Observed.richness","Richness","Slope","Completeness","Ratio"
"United States",2918,38,54.3469239642753,0.00479780671692964,69.9211606253541,76.7894736842105
