"Area","Records","Observed.richness","Richness","Slope","Completeness","Ratio"
"United States",4540,853,1210.1281374124,0.0707048458149302,70.4884031391883,5.32239155920281
