"Area","Records","Observed.richness","Richness","Slope","Completeness","Ratio"
"United States",3498,901,1601.94054411666,0.133790737564254,56.2442846776706,3.88235294117647
