"Area","Records","Observed.richness","Richness","Slope","Completeness","Ratio"
"United States",17548,252,257.301328791904,0.00102575792112702,97.939641891165,69.6349206349206
