"Area","Records","Observed.richness","Richness","Slope","Completeness","Ratio"
"United States",2918,626,909.432982515021,0.0880740233036477,68.8340990524456,4.66134185303514
