"Area","Records","Observed.richness","Richness","Slope","Completeness","Ratio"
"United States",2176,83,91.6117729756233,0.00643382352940591,90.5997092994644,26.2168674698795
