"Area","Records","Observed.richness","Richness","Slope","Completeness","Ratio"
"United States",330,14,14.7776750053642,0.00303030303030383,94.7375009595088,23.5714285714286
