"Area","Records","Observed.richness","Richness","Slope","Completeness","Ratio"
"United States",45023,354,402.234892183324,0.00151033916000642,88.0082774715276,127.183615819209
