"Area","Records","Observed.richness","Richness","Slope","Completeness","Ratio"
"United States",32914,254,255.427812943971,0.000425350914497358,99.4410111696473,129.582677165354
