"Area","Records","Observed.richness","Richness","Slope","Completeness","Ratio"
"United States",1657,356,546.396624906427,0.0947495473747608,65.1541359833558,4.65449438202247
