"Area","Records","Observed.richness","Richness","Slope","Completeness","Ratio"
"United States",10866,1150,1652.58355116376,0.0419657647707936,69.5880095859701,9.44869565217391
