"Area","Records","Observed.richness","Richness","Slope","Completeness","Ratio"
"United States",1045,35,41.6501013003814,0.0105263157894768,84.0334090608311,29.8571428571429
