"Area","Records","Observed.richness","Richness","Slope","Completeness","Ratio"
"United States",30315,1585,2155.37410732384,0.0190994557149224,73.5371179701129,19.1261829652997
