"Area","Records","Observed.richness","Richness","Slope","Completeness","Ratio"
"United States",3791,121,131.734621614278,0.00606700079134725,91.8513284641988,31.3305785123967
