"Area","Records","Observed.richness","Richness","Slope","Completeness","Ratio"
"United States",3641,644,885.125117936874,0.0579511123318071,72.758075321723,5.65372670807453
