"Area","Records","Observed.richness","Richness","Slope","Completeness","Ratio"
"United States",4686,218,233.158903156194,0.00341442594964292,93.4984669463643,21.4954128440367
