"Area","Records","Observed.richness","Richness","Slope","Completeness","Ratio"
"United States",3255,656,922.472287122441,0.0823348694316337,71.1132474284215,4.96189024390244
