"Area","Records","Observed.richness","Richness","Slope","Completeness","Ratio"
"United States",17364,230,235.360837452835,0.00149735084082181,97.7222899481274,75.495652173913
