"Area","Records","Observed.richness","Richness","Slope","Completeness","Ratio"
"United States",114732,399,407.665551868866,0.000252762960656128,97.8743477762247,287.548872180451
