"Area","Records","Observed.richness","Richness","Slope","Completeness","Ratio"
"United States",9420,1206,1487.8230010608,0.0347133757961728,81.0580290222789,7.81094527363184
