"Area","Records","Observed.richness","Richness","Slope","Completeness","Ratio"
"United States",669,18,18.3623746809366,0.00448430493273477,98.0265369417995,37.1666666666667
