"Area","Records","Observed.richness","Richness","Slope","Completeness","Ratio"
"United States",5725,66,68.5893446088192,0.00139737991266031,96.2248587975482,86.7424242424242
