"Area","Records","Observed.richness","Richness","Slope","Completeness","Ratio"
"United States",62468,2236,2629.02687934694,0.00931677018616028,85.0504807526132,27.9373881932021
