"Area","Records","Observed.richness","Richness","Slope","Completeness","Ratio"
"United States",1760,695,1409.93569357519,0.225000000000023,49.2930282683802,2.53237410071942
