"Area","Records","Observed.richness","Richness","Slope","Completeness","Ratio"
"United States",2009,124,135.77966323858,0.00796416127425914,91.3244274159952,16.2016129032258
