"Area","Records","Observed.richness","Richness","Slope","Completeness","Ratio"
"Mexico",9,6,13.6152753422562,0.333333333333333,44.0681502883637,1.5
"United States",1479,97,127.541909915364,0.0236646382690964,76.053432212493,15.2474226804124
