"Area","Records","Observed.richness","Richness","Slope","Completeness","Ratio"
"United States",2188,142,169.377879643621,0.0146252285192077,83.8362130278021,15.4084507042254
