"Area","Records","Observed.richness","Richness","Slope","Completeness","Ratio"
"United States",10389,222,251.783777796646,0.00385022620079667,88.1708908900791,46.7972972972973
