"Area","Records","Observed.richness","Richness","Slope","Completeness","Ratio"
"United States",65642,307,309.050187958006,0.000304682977343873,99.3366164985847,213.817589576547
