"Area","Records","Observed.richness","Richness","Slope","Completeness","Ratio"
"United States",746,14,15.0337077155458,0.00268096514745331,93.1240666966213,53.2857142857143
