"Area","Records","Observed.richness","Richness","Slope","Completeness","Ratio"
"United States",18725,279,315.728588979728,0.0027236315086725,88.3670373030154,67.1146953405018
