"Area","Records","Observed.richness","Richness","Slope","Completeness","Ratio"
"United States",1373,135,174.816299779548,0.0320466132556305,77.2239202924679,10.1703703703704
