"Area","Records","Observed.richness","Richness","Slope","Completeness","Ratio"
"United States",1813,150,185.945636960707,0.0259238830667528,80.6687386979116,12.0866666666667
