"Area","Records","Observed.richness","Richness","Slope","Completeness","Ratio"
"United States",5335,60,64.0081530773286,0.00206185567010664,93.7380585368768,88.9166666666667
