"Area","Records","Observed.richness","Richness","Slope","Completeness","Ratio"
"United States",11697,191,224.7145539668,0.00333418825340459,84.9967198956856,61.2408376963351
