"Area","Records","Observed.richness","Richness","Slope","Completeness","Ratio"
"United States",1700,41,45.2005381874507,0.00411764705882689,90.7068845728546,41.4634146341463
