"Area","Records","Observed.richness","Richness","Slope","Completeness","Ratio"
"United States",683,110,156.443138892746,0.0644216691068777,70.3130867729606,6.20909090909091
