"Area","Records","Observed.richness","Richness","Slope","Completeness","Ratio"
"United States",2475,979,2099.32681796015,0.235555555555607,46.6339967471697,2.52808988764045
