"Area","Records","Observed.richness","Richness","Slope","Completeness","Ratio"
"United States",1068,116,146.657197579705,0.0365168539325822,79.0960156844375,9.20689655172414
