"Area","Records","Observed.richness","Richness","Slope","Completeness","Ratio"
"United States",6809,863,1155.37982824392,0.0442061976795003,74.6940511599279,7.88991888760139
