"Area","Records","Observed.richness","Richness","Slope","Completeness","Ratio"
"United States",8137,18,18.1440002525662,0.000122895416001967,99.2063478253873,452.055555555556
