"Area","Records","Observed.richness","Richness","Slope","Completeness","Ratio"
"United States",2900,579,834.48821420959,0.0820689655172373,69.3838439106557,5.00863557858376
