"Area","Records","Observed.richness","Richness","Slope","Completeness","Ratio"
"United States",5232,929,1347.28559695954,0.0730122324158629,68.9534573884338,5.63186221743811
