"Area","Records","Observed.richness","Richness","Slope","Completeness","Ratio"
"United States",36641,230,233.121977813316,0.000382085641774665,98.6607964454489,159.308695652174
