"Area","Records","Observed.richness","Richness","Slope","Completeness","Ratio"
"United States",223268,2928,3374.88177328947,0.00325169751158683,86.7585947209672,76.2527322404372
