"Area","Records","Observed.richness","Richness","Slope","Completeness","Ratio"
"United States",58691,276,279.481728722303,0.000374844524742457,98.7542195555252,212.648550724638
