"Area","Records","Observed.richness","Richness","Slope","Completeness","Ratio"
"United States",63780,3018,4054.49198602399,0.0161649419878813,74.4359591880604,21.1332007952286
