"Area","Records","Observed.richness","Richness","Slope","Completeness","Ratio"
"United States",1069,143,176.065308993874,0.0327408793264681,81.2198614350402,7.47552447552448
