"Area","Records","Observed.richness","Richness","Slope","Completeness","Ratio"
"United States",1021,492,1098.55102897623,0.295788442703213,44.7862672759506,2.07520325203252
