"Area","Records","Observed.richness","Richness","Slope","Completeness","Ratio"
"United States",3133,171,204.651253809341,0.0130864985636663,83.5567810199239,18.3216374269006
