"Area","Records","Observed.richness","Richness","Slope","Completeness","Ratio"
"United States",19683,1903,2617.51924036271,0.0349540212366719,72.7024264293966,10.3431424067262
