"Area","Records","Observed.richness","Richness","Slope","Completeness","Ratio"
"United States",20532,1958,2827.40008503894,0.0382817066042662,69.2508998058205,10.4862104187947
