"Area","Records","Observed.richness","Richness","Slope","Completeness","Ratio"
"United States",421,24,25.6299094163775,0.00950118764845698,93.6405962662669,17.5416666666667
