"Area","Records","Observed.richness","Richness","Slope","Completeness","Ratio"
"United States",28425,259,259.74854290155,0.000633245382573477,99.711820173007,109.749034749035
