"Area","Records","Observed.richness","Richness","Slope","Completeness","Ratio"
"United States",455,27,29.4879825484126,0.00879120879120876,91.5627237491481,16.8518518518519
