"Area","Records","Observed.richness","Richness","Slope","Completeness","Ratio"
"United States",7056,1644,2062.33402703888,0.0134637188209581,79.7155057544422,4.29197080291971
