"Area","Records","Observed.richness","Richness","Slope","Completeness","Ratio"
"United States",6915,66,79.9958025528889,0.00274765003615585,82.5043288444596,104.772727272727
