"Area","Records","Observed.richness","Richness","Slope","Completeness","Ratio"
"United States",21111,242,248.784946954008,0.000947373407228724,97.2727662838613,87.2355371900826
