"Area","Records","Observed.richness","Richness","Slope","Completeness","Ratio"
"United States",11631,238,243.902599095957,0.00197747399192849,97.5799359589296,48.8697478991597
