"Area","Records","Observed.richness","Richness","Slope","Completeness","Ratio"
"United States",8715,786,1034.93924351602,0.0307515777395793,75.9464871898864,11.087786259542
