"Area","Records","Observed.richness","Richness","Slope","Completeness","Ratio"
"United States",16840,246,251.355070444325,0.00148456057007706,97.869519626217,68.4552845528455
