"Area","Records","Observed.richness","Richness","Slope","Completeness","Ratio"
"United States",16668,207,212.293421092682,0.00107991360690107,97.5065543409509,80.5217391304348
