"Area","Records","Observed.richness","Richness","Slope","Completeness","Ratio"
"United States",15151,108,121.80022121697,0.00184806283414218,88.6697896940704,140.287037037037
