"Area","Records","Observed.richness","Richness","Slope","Completeness","Ratio"
"United States",1497,569,1055.20328073104,0.199064796259222,53.9232591852634,2.63093145869947
