"Area","Records","Observed.richness","Richness","Slope","Completeness","Ratio"
"United States",6541,230,275.39905714932,0.00825561840696309,83.5151733563471,28.4391304347826
