"Area","Records","Observed.richness","Richness","Slope","Completeness","Ratio"
"United States",1121,26,31.3792222886798,0.00892060660125082,82.8573753702608,43.1153846153846
