"Area","Records","Observed.richness","Richness","Slope","Completeness","Ratio"
"United States",6896,270,323.18790275624,0.00913573085847474,83.5427309306325,25.5407407407407
