"Area","Records","Observed.richness","Richness","Slope","Completeness","Ratio"
"United States",20295,243,248.971907774414,0.000985464400088176,97.6013728505365,83.5185185185185
