"Area","Records","Observed.richness","Richness","Slope","Completeness","Ratio"
"United States",1383,138,174.072329000865,0.0303687635574761,79.2773904916927,10.0217391304348
