"Area","Records","Observed.richness","Richness","Slope","Completeness","Ratio"
"Canada",21,15,46.6413110491253,0.476190476190476,32.1603309653992,1.4
"United States",813,283,538.04457610197,0.190651906519065,52.5978724756006,2.87279151943463
