"Area","Records","Observed.richness","Richness","Slope","Completeness","Ratio"
"United States",7312,220,232.018150996143,0.00382932166303362,94.8201677564687,33.2363636363636
