"Area","Records","Observed.richness","Richness","Slope","Completeness","Ratio"
"United States",4209,31,31.5943950784859,0.000950344499880629,98.1186692227868,135.774193548387
