"Area","Records","Observed.richness","Richness","Slope","Completeness","Ratio"
"United States",9736,39,43.007433591376,0.000924404272801382,90.6819978391373,249.641025641026
