"Area","Records","Observed.richness","Richness","Slope","Completeness","Ratio"
"United States",2325,1650,9171.57154581784,0.611182795699051,17.9903737517306,1.40909090909091
