"Area","Records","Observed.richness","Richness","Slope","Completeness","Ratio"
"United States",3257,1017,1979.67769027584,0.17163033466386,51.3719988357446,3.20255653883972
