"Area","Records","Observed.richness","Richness","Slope","Completeness","Ratio"
"United States",3856,187,223.198293393404,0.0134854771784205,83.7820026116412,20.620320855615
