"Area","Records","Observed.richness","Richness","Slope","Completeness","Ratio"
"United States",5387,135,156.521269014405,0.00556896231668702,86.2502590542989,39.9037037037037
