"Area","Records","Observed.richness","Richness","Slope","Completeness","Ratio"
"United States",203,12,14.8568417733358,0.00985221674876868,80.7708676115602,16.9166666666667
