"Area","Records","Observed.richness","Richness","Slope","Completeness","Ratio"
"United States",3084,628,933.924565341224,0.0846303501945158,67.2431182673249,4.91082802547771
