"Area","Records","Observed.richness","Richness","Slope","Completeness","Ratio"
"United States",10953,1157,1554.40695281414,0.035241486350742,74.433532216601,9.46672428694901
