"Area","Records","Observed.richness","Richness","Slope","Completeness","Ratio"
"United States",7182,176,201.554590515838,0.00543024227235378,87.321256017818,40.8068181818182
