"Area","Records","Observed.richness","Richness","Slope","Completeness","Ratio"
"United States",22523,290,293.81327572513,0.00110997646851274,98.7021431500267,77.6655172413793
