"Area","Records","Observed.richness","Richness","Slope","Completeness","Ratio"
"United States",44370,2825,3788.81408336349,0.0216137029524361,74.5615894008746,15.7061946902655
