"Area","Records","Observed.richness","Richness","Slope","Completeness","Ratio"
"United States",6015,229,241.344423821114,0.00349127182045095,94.885142310036,26.2663755458515
