"Area","Records","Observed.richness","Richness","Slope","Completeness","Ratio"
"United States",6968,262,275.968476193089,0.00215269804823492,94.9383797795386,26.5954198473282
