"Area","Records","Observed.richness","Richness","Slope","Completeness","Ratio"
"United States",17266,233,238.804161764106,0.000579172941030492,97.5694888559606,74.1030042918455
