"Area","Records","Observed.richness","Richness","Slope","Completeness","Ratio"
"United States",10248,201,218.701305739647,0.00341530054643613,91.9061728142037,50.9850746268657
