"Area","Records","Observed.richness","Richness","Slope","Completeness","Ratio"
"United States",8622,2185,3451.99305542436,0.104848063094323,63.2967669667398,3.94599542334096
