"Area","Records","Observed.richness","Richness","Slope","Completeness","Ratio"
"United States",1875,132,155.071943253158,0.0186666666666611,85.1217810461738,14.2045454545455
