"Area","Records","Observed.richness","Richness","Slope","Completeness","Ratio"
"United States",4441,223,241.989876363779,0.00585453726637297,92.1526153700614,19.914798206278
