"Area","Records","Observed.richness","Richness","Slope","Completeness","Ratio"
"United States",4933,1050,1708.69187735195,0.105412527873568,61.4505174348484,4.69809523809524
