"Area","Records","Observed.richness","Richness","Slope","Completeness","Ratio"
"United States",15201,1668,1981.17519567817,0.0281560423657083,84.1924532287027,9.11330935251799
