"Area","Records","Observed.richness","Richness","Slope","Completeness","Ratio"
"United States",56697,2609,2670.8534843382,0.00998289151084464,97.6841303837552,21.731314679954
