"Area","Records","Observed.richness","Richness","Slope","Completeness","Ratio"
"United States",3671,37,39.7214118033332,0.00245164805230047,93.1487535820547,99.2162162162162
