"Area","Records","Observed.richness","Richness","Slope","Completeness","Ratio"
"United States",1808,451,707.651424241773,0.116703539822993,63.7319426698296,4.00886917960089
