"Area","Records","Observed.richness","Richness","Slope","Completeness","Ratio"
"United States",12661,206,218.497161773734,0.00189558486690089,94.2804008654923,61.4611650485437
