"Area","Records","Observed.richness","Richness","Slope","Completeness","Ratio"
"United States",1562,248,373.153712028969,0.0678617157490464,66.4605474916854,6.29838709677419
