"Area","Records","Observed.richness","Richness","Slope","Completeness","Ratio"
"United States",2324,135,160.432360490526,0.0146299483648988,84.1476118578784,17.2148148148148
