"Area","Records","Observed.richness","Richness","Slope","Completeness","Ratio"
"United States",8119,1662,3123.49234923415,0.110481586402329,53.2096709123526,4.88507821901324
