"Area","Records","Observed.richness","Richness","Slope","Completeness","Ratio"
"United States",386544,3289,3978.51331758001,0.00234125998576928,82.6690710187337,117.526299787169
