"Area","Records","Observed.richness","Richness","Slope","Completeness","Ratio"
"United States",11398,227,236.284967727886,0.00122828566415478,96.070436550759,50.2114537444934
