"Area","Records","Observed.richness","Richness","Slope","Completeness","Ratio"
"United States",23261,223,229.446623141611,0.000472894544515157,97.1903604187573,104.309417040359
