"Area","Records","Observed.richness","Richness","Slope","Completeness","Ratio"
"United States",1618,159,213.907964088025,0.0271940667490753,74.3310332917621,10.1761006289308
