"Area","Records","Observed.richness","Richness","Slope","Completeness","Ratio"
"United States",11263,213,220.052748476347,0.001331794370941,96.7949736937254,52.8779342723005
