"Area","Records","Observed.richness","Richness","Slope","Completeness","Ratio"
"United States",6006,228,251.419007243762,0.0066600066600131,90.6852677924004,26.3421052631579
