"Area","Records","Observed.richness","Richness","Slope","Completeness","Ratio"
"United States",43368,1984,2304.83089266246,0.0111833610035319,86.0800680134999,21.8588709677419
