"Area","Records","Observed.richness","Richness","Slope","Completeness","Ratio"
"United States",1547,505,883.041873890452,0.168067226890741,57.1886809597264,3.06336633663366
