"Area","Records","Observed.richness","Richness","Slope","Completeness","Ratio"
"United States",145236,3298,4046.25050859766,0.0064377977910226,81.5075584913059,44.0375985445725
