"Area","Records","Observed.richness","Richness","Slope","Completeness","Ratio"
"United States",7863,1240,1930.19632360762,0.0708381025053768,64.2421698163008,6.34112903225806
