"Area","Records","Observed.richness","Richness","Slope","Completeness","Ratio"
"United States",3367,471,719.858413740623,0.0665280665280648,65.4295332261976,7.14861995753716
