"Area","Records","Observed.richness","Richness","Slope","Completeness","Ratio"
"United States",1428,188,272.773197251116,0.0497198879551775,68.9217276090828,7.59574468085106
