"Area","Records","Observed.richness","Richness","Slope","Completeness","Ratio"
"United States",85020,2726,3433.38415933652,0.0101740766876901,79.3968828855664,31.1885546588408
