"Area","Records","Observed.richness","Richness","Slope","Completeness","Ratio"
"United States",23966,261,268.041452211428,0.000959692898277353,97.3729987830862,91.823754789272
