"Area","Records","Observed.richness","Richness","Slope","Completeness","Ratio"
"United States",3504,195,222.737683147627,0.0102739726027323,87.5469284067023,17.9692307692308
