"Area","Records","Observed.richness","Richness","Slope","Completeness","Ratio"
"United States",8824,202,232.725836312165,0.00475974614687402,86.7974107219659,43.6831683168317
