"Area","Records","Observed.richness","Richness","Slope","Completeness","Ratio"
"United States",12439,271,322.401520842926,0.00490393118417387,84.0566754435478,45.90036900369
