"Area","Records","Observed.richness","Richness","Slope","Completeness","Ratio"
"United States",157163,410,419.763502483528,0.000159070519146098,97.6740468321419,383.324390243902
