"Area","Records","Observed.richness","Richness","Slope","Completeness","Ratio"
"United States",785,38,39.9830020006287,0.00636942675158991,95.0403874111366,20.6578947368421
