"Area","Records","Observed.richness","Richness","Slope","Completeness","Ratio"
"United States",5718,272,313.128177272017,0.0113676110528331,86.865386044039,21.0220588235294
