"Area","Records","Observed.richness","Richness","Slope","Completeness","Ratio"
"United States",3104,185,236.067016763703,0.016108247422693,78.3675765196711,16.7783783783784
