"Area","Records","Observed.richness","Richness","Slope","Completeness","Ratio"
"United States",14279,282,290.061369388072,0.00175082288677686,97.2208055815642,50.6347517730496
