"Area","Records","Observed.richness","Richness","Slope","Completeness","Ratio"
"United States",39910,3100,4458.40701332236,0.0302179904788318,69.5315611772716,12.8741935483871
