"Area","Records","Observed.richness","Richness","Slope","Completeness","Ratio"
"United States",1368,142,200.823000828257,0.0402046783625849,70.7090320403279,9.63380281690141
