"Area","Records","Observed.richness","Richness","Slope","Completeness","Ratio"
"United States",2460,888,1696.11057841491,0.193089430894247,52.3550770392502,2.77027027027027
