"Area","Records","Observed.richness","Richness","Slope","Completeness","Ratio"
"United States",4599,208,226.150089124945,0.00761035007610644,91.974317058563,22.1105769230769
