"Area","Records","Observed.richness","Richness","Slope","Completeness","Ratio"
"United States",1513,191,223.398428522944,0.00727032385987059,85.4974680273472,7.92146596858639
