"Area","Records","Observed.richness","Richness","Slope","Completeness","Ratio"
"United States",19200,1960,2865.15592794548,0.0360416666667334,68.4081442438443,9.79591836734694
