"Area","Records","Observed.richness","Richness","Slope","Completeness","Ratio"
"United States",4253,657,934.205344622152,0.0594874206442455,70.3271506400694,6.47336377473364
