"Area","Records","Observed.richness","Richness","Slope","Completeness","Ratio"
"United States",7810,58,67.4849958862387,0.00217669654289665,85.9450300593812,134.655172413793
