"Area","Records","Observed.richness","Richness","Slope","Completeness","Ratio"
"United States",2266,419,622.438256818538,0.0732568402471543,67.3159137328143,5.40811455847255
