"Area","Records","Observed.richness","Richness","Slope","Completeness","Ratio"
"United States",7237,710,986.718008856799,0.0379991709271508,71.9557151716121,10.1929577464789
