"Area","Records","Observed.richness","Richness","Slope","Completeness","Ratio"
"United States",292,11,11.7772449575085,0.00684931506849296,93.4004518008008,26.5454545454545
