"Area","Records","Observed.richness","Richness","Slope","Completeness","Ratio"
"United States",1561,162,203.744739382855,0.0301089045483707,79.5112553534877,9.6358024691358
