"Area","Records","Observed.richness","Richness","Slope","Completeness","Ratio"
"United States",2531,26,26.5496919463392,0.000790201501381205,97.929573166234,97.3461538461538
