"Area","Records","Observed.richness","Richness","Slope","Completeness","Ratio"
"United States",8686,59,66.0198857249052,0.00126640571033931,89.3670132145397,147.220338983051
