"Area","Records","Observed.richness","Richness","Slope","Completeness","Ratio"
"United States",16043,1586,2252.83112173531,0.039020133391432,70.4003058506372,10.1153846153846
