"Area","Records","Observed.richness","Richness","Slope","Completeness","Ratio"
"United States",4815,191,203.978450650074,0.00249221183801751,93.6373422737981,25.2094240837696
