"Area","Records","Observed.richness","Richness","Slope","Completeness","Ratio"
"United States",30442,285,288.003350438757,0.000591288351643016,98.9571821181312,106.814035087719
