"Area","Records","Observed.richness","Richness","Slope","Completeness","Ratio"
"United States",1923,522,899.822452023165,0.134685387415516,58.0114442383975,3.68390804597701
