"Area","Records","Observed.richness","Richness","Slope","Completeness","Ratio"
"United States",190653,405,400.718428643718,0.000125883148939465,101.068473783642,470.748148148148
