"Area","Records","Observed.richness","Richness","Slope","Completeness","Ratio"
"United States",5257,621,974.046910950721,0.0544036522732085,63.7546295787614,8.46537842190016
