"Area","Records","Observed.richness","Richness","Slope","Completeness","Ratio"
"United States",2292,486,721.060249599288,0.0890052356020874,67.4007477558336,4.71604938271605
