"Area","Records","Observed.richness","Richness","Slope","Completeness","Ratio"
"United States",26030,1296,1613.234853569,0.0151363810987277,80.3354822847292,20.0848765432099
