"Area","Records","Observed.richness","Richness","Slope","Completeness","Ratio"
"United States",26281,240,243.614369271684,0.000570754537505991,98.5163562878126,109.504166666667
