"Area","Records","Observed.richness","Richness","Slope","Completeness","Ratio"
"United States",134922,295,294.52377765208,8.89402766119929e-05,100.161692326411,457.362711864407
