"Area","Records","Observed.richness","Richness","Slope","Completeness","Ratio"
"United States",1627,151,174.774011904016,0.0147510755992641,86.3972843301939,10.7748344370861
