"Area","Records","Observed.richness","Richness","Slope","Completeness","Ratio"
"United States",1048,350,571.137731975325,0.145992366412202,61.2811902287558,2.99428571428571
