"Area","Records","Observed.richness","Richness","Slope","Completeness","Ratio"
"United States",5214,836,1152.54974010844,0.0588799386267738,72.5348304639193,6.23684210526316
