"Area","Records","Observed.richness","Richness","Slope","Completeness","Ratio"
"United States",1472,262,343.351255891449,0.052989130434753,76.3066962780621,5.61832061068702
