"Area","Records","Observed.richness","Richness","Slope","Completeness","Ratio"
"United States",3109,190,213.579135599932,0.0135091669347105,88.9600004543047,16.3631578947368
