"Area","Records","Observed.richness","Richness","Slope","Completeness","Ratio"
"United States",14255,287,358.891718629674,0.00484040687479137,79.9684097186271,49.6689895470383
