"Area","Records","Observed.richness","Richness","Slope","Completeness","Ratio"
"United States",107057,2284,2526.1183462285,0.00476381740554643,90.415399714349,46.872591943958
