"Area","Records","Observed.richness","Richness","Slope","Completeness","Ratio"
"United States",151162,323,327.408279294522,7.27696113926868e-05,98.6535834389954,467.993808049536
