"Area","Records","Observed.richness","Richness","Slope","Completeness","Ratio"
"United States",3051,162,197.102289924571,0.0157325467060048,82.1908259219085,18.8333333333333
