"Area","Records","Observed.richness","Richness","Slope","Completeness","Ratio"
"United States",1272,34,39.0143399153237,0.00628930817610041,87.1474439239347,37.4117647058824
