"Area","Records","Observed.richness","Richness","Slope","Completeness","Ratio"
"United States",2424,189,265.498686085313,0.0309405940594161,71.1867929693891,12.8253968253968
