"Area","Records","Observed.richness","Richness","Slope","Completeness","Ratio"
"United States",4920,858,1110.34643810631,0.0493902439023941,77.2731798431592,5.73426573426573
