"Area","Records","Observed.richness","Richness","Slope","Completeness","Ratio"
"United States",1590,146,183.576650570666,0.0289308176100747,79.5308115417429,10.8904109589041
