"Area","Records","Observed.richness","Richness","Slope","Completeness","Ratio"
"United States",21169,1578,1983.26857473293,0.0226746657849617,79.5656231386863,13.415082382763
