"Area","Records","Observed.richness","Richness","Slope","Completeness","Ratio"
"United States",2212,707,1310.65503488891,0.174050632911417,53.9424929657347,3.12871287128713
