"Area","Records","Observed.richness","Richness","Slope","Completeness","Ratio"
"United States",17364,334,375.096387951123,0.00293711126471408,89.043779340131,51.9880239520958
