"Area","Records","Observed.richness","Richness","Slope","Completeness","Ratio"
"United States",10743,242,272.608115058373,0.00372335474261831,88.7721188887504,44.3925619834711
