"Area","Records","Observed.richness","Richness","Slope","Completeness","Ratio"
"United States",4163,177,192.040381252922,0.00720634158059852,92.168115291797,23.5197740112994
