"Area","Records","Observed.richness","Richness","Slope","Completeness","Ratio"
"United States",342,13,13.8360528755829,0.00292397660818722,93.9574322019374,26.3076923076923
