"Area","Records","Observed.richness","Richness","Slope","Completeness","Ratio"
"United States",1382,31,35.644522375102,0.00434153400868453,86.9698846677598,44.5806451612903
