"Area","Records","Observed.richness","Richness","Slope","Completeness","Ratio"
"United States",17511,252,282.622358170496,0.00234138541489415,89.1649201539736,69.4880952380952
