"Area","Records","Observed.richness","Richness","Slope","Completeness","Ratio"
"United States",943,22,23.1357783989684,0.00106044538706129,95.0908139791869,42.8636363636364
