"Area","Records","Observed.richness","Richness","Slope","Completeness","Ratio"
"United States",1382,408,719.364989134972,0.146888567293786,56.7166884908612,3.38725490196078
