"Area","Records","Observed.richness","Richness","Slope","Completeness","Ratio"
"United States",682,17,17.8161125527662,0.00293255131964898,95.4192445161696,40.1176470588235
