"Area","Records","Observed.richness","Richness","Slope","Completeness","Ratio"
"United States",82628,328,331.795604387096,0.000375175485316959,98.8560413890633,251.914634146341
