"Area","Records","Observed.richness","Richness","Slope","Completeness","Ratio"
"Canada",57,45,203.570922321701,0.614035087719301,22.1053181303011,1.26666666666667
"United States",2886,620,997.380335872375,0.0987525987526396,62.1628457771535,4.65483870967742
