"Area","Records","Observed.richness","Richness","Slope","Completeness","Ratio"
"United States",12119,2431,3861.23866260766,0.0830926644111969,62.9590712312572,4.98519127930893
