"Area","Records","Observed.richness","Richness","Slope","Completeness","Ratio"
"United States",5144,865,1200.81661022804,0.0635692068428853,72.0343133691108,5.94682080924856
