"Area","Records","Observed.richness","Richness","Slope","Completeness","Ratio"
"United States",91292,328,329.148547603495,0.00027384655828655,99.6510549380036,278.329268292683
