"Area","Records","Observed.richness","Richness","Slope","Completeness","Ratio"
"United States",43985,254,256.666251879395,0.000227350233046764,98.9611988877106,173.169291338583
