"Area","Records","Observed.richness","Richness","Slope","Completeness","Ratio"
"United States",783,101,135.817839350425,0.0434227330779038,74.3643106701238,7.75247524752475
