"Area","Records","Observed.richness","Richness","Slope","Completeness","Ratio"
"United States",2501,604,1083.45640859012,0.127548980407823,55.7475127943517,4.14072847682119
