"Area","Records","Observed.richness","Richness","Slope","Completeness","Ratio"
"United States",1466,582,1226.84665406739,0.232605729877264,47.4386915488159,2.51890034364261
