"Area","Records","Observed.richness","Richness","Slope","Completeness","Ratio"
"United States",2378,46,54.3703731732301,0.00588730025231143,84.6049002706655,51.695652173913
