"Area","Records","Observed.richness","Richness","Slope","Completeness","Ratio"
"United States",38833,345,379.873006061726,0.00136481858214665,90.8198251770332,112.559420289855
