"Area","Records","Observed.richness","Richness","Slope","Completeness","Ratio"
"United States",11631,939,1168.47927617331,0.0258791161551244,80.3608604061133,12.3865814696486
