"Area","Records","Observed.richness","Richness","Slope","Completeness","Ratio"
"United States",581,130,176.632232639786,0.0636833046471565,73.5992508599008,4.46923076923077
