"Area","Records","Observed.richness","Richness","Slope","Completeness","Ratio"
"United States",6336,926,1347.37410679578,0.058080808080831,68.7262724828625,6.84233261339093
