"Area","Records","Observed.richness","Richness","Slope","Completeness","Ratio"
"United States",12185,158,182.562959878656,0.00311858842840707,86.5454855163487,77.120253164557
