"Area","Records","Observed.richness","Richness","Slope","Completeness","Ratio"
"United States",26863,279,285.275853500878,0.000632840710295568,97.8000754624476,96.2831541218638
