"Area","Records","Observed.richness","Richness","Slope","Completeness","Ratio"
"United States",1747,299,458.679505170675,0.0755580995993341,65.1871288403745,5.8428093645485
