"Area","Records","Observed.richness","Richness","Slope","Completeness","Ratio"
"United States",4068,1672,2739.42729176205,0.0243362831859031,61.0346551276613,2.43301435406699
