"Area","Records","Observed.richness","Richness","Slope","Completeness","Ratio"
"United States",30693,2315,3237.86368715798,0.0247613462352092,71.4977597476309,13.2583153347732
