"Area","Records","Observed.richness","Richness","Slope","Completeness","Ratio"
"United States",3852,990,1625.01385980387,0.124350986500531,60.9225573078798,3.89090909090909
