"Area","Records","Observed.richness","Richness","Slope","Completeness","Ratio"
"United States",26026,202,209.125461639013,0.000999000999001964,96.5927335757362,128.841584158416
