"Area","Records","Observed.richness","Richness","Slope","Completeness","Ratio"
"United States",20745,228,253.638979441722,0.00168715353098037,89.8915460477899,90.9868421052632
