"Area","Records","Observed.richness","Richness","Slope","Completeness","Ratio"
"United States",1183,205,261.381474896258,0.0152155536770806,78.4294296607531,5.77073170731707
