"Area","Records","Observed.richness","Richness","Slope","Completeness","Ratio"
"United States",9620,1140,1668.38282513284,0.0503118503118003,68.3296413045506,8.43859649122807
