"Area","Records","Observed.richness","Richness","Slope","Completeness","Ratio"
"United States",1025,117,151.917239787329,0.0400000000000063,77.0156172951735,8.76068376068376
