"Area","Records","Observed.richness","Richness","Slope","Completeness","Ratio"
"United States",6457,340,397.352104784253,0.0100665943936633,85.5664273339151,18.9911764705882
