"Area","Records","Observed.richness","Richness","Slope","Completeness","Ratio"
"United States",36978,330,362.456941011516,0.00148737086914252,91.0452974301065,112.054545454545
