"Area","Records","Observed.richness","Richness","Slope","Completeness","Ratio"
"United States",9423,208,216.253436972179,0.00328982277406453,96.1834424054768,45.3028846153846
