"Area","Records","Observed.richness","Richness","Slope","Completeness","Ratio"
"United States",16402,1467,2219.80567243752,0.0387147908791121,66.0868659908019,11.1806407634628
