"Area","Records","Observed.richness","Richness","Slope","Completeness","Ratio"
"United States",1186,37,40.9703878654512,0.00674536256323677,90.3091279523881,32.0540540540541
