"Area","Records","Observed.richness","Richness","Slope","Completeness","Ratio"
"United States",5850,209,221.801347232368,0.00393162393163493,94.2284628149907,27.9904306220096
