"Area","Records","Observed.richness","Richness","Slope","Completeness","Ratio"
"United States",182289,3293,3716.05390301994,0.00411983169578889,88.6155068236191,55.356513817188
