"Area","Records","Observed.richness","Richness","Slope","Completeness","Ratio"
"United States",748,21,21.7490499829079,0.00401069518716568,96.5559415997637,35.6190476190476
