"Area","Records","Observed.richness","Richness","Slope","Completeness","Ratio"
"United States",2007,111,129.566141372606,0.0129546586945679,85.6705299888393,18.0810810810811
