"Area","Records","Observed.richness","Richness","Slope","Completeness","Ratio"
"United States",9621,1893,2730.40881236561,0.0795135640785247,69.3302772620309,5.0824088748019
