"Area","Records","Observed.richness","Richness","Slope","Completeness","Ratio"
"United States",1050,158,195.380847993732,0.0380952380952237,80.8677010169742,6.64556962025316
