"Area","Records","Observed.richness","Richness","Slope","Completeness","Ratio"
"United States",4146,1230,1958.79795693997,0.129763627592865,62.7936125643863,3.37073170731707
