"Area","Records","Observed.richness","Richness","Slope","Completeness","Ratio"
"United States",2461,43,47.5960933052919,0.00365704997967953,90.3435492576848,57.2325581395349
