"Area","Records","Observed.richness","Richness","Slope","Completeness","Ratio"
"United States",29204,1964,2602.93170600125,0.0255444459662613,75.453381872135,14.8696537678208
