"Area","Records","Observed.richness","Richness","Slope","Completeness","Ratio"
"United States",10708,236,246.547366604222,0.00261486738887129,95.721971502071,45.3728813559322
