"Area","Records","Observed.richness","Richness","Slope","Completeness","Ratio"
"United States",14477,1899,2279.10522285248,0.0290115355392118,83.3221731475501,7.62348604528699
