"Area","Records","Observed.richness","Richness","Slope","Completeness","Ratio"
"United States",6159,253,268.599586768765,0.00259782432212319,94.1922521339565,24.3438735177866
