"Area","Records","Observed.richness","Richness","Slope","Completeness","Ratio"
"United States",14414,207,232.502272650598,0.00298321076732577,89.0313877968313,69.6328502415459
