"Area","Records","Observed.richness","Richness","Slope","Completeness","Ratio"
"United States",238,22,24.3107119281623,0.00420168067226712,90.4950873714008,10.8181818181818
