"Area","Records","Observed.richness","Richness","Slope","Completeness","Ratio"
"United States",53370,3220,3985.64739631206,0.0175004684278974,80.7898863050325,16.5745341614907
