"Area","Records","Observed.richness","Richness","Slope","Completeness","Ratio"
"United States",1932,592,1122.26991220442,0.159937888198783,52.7502335723466,3.26351351351351
