"Area","Records","Observed.richness","Richness","Slope","Completeness","Ratio"
"United States",15022,1801,2255.30793697553,0.036146984422885,79.8560573690535,8.34092171016102
