"Area","Records","Observed.richness","Richness","Slope","Completeness","Ratio"
"United States",6014,910,1435.27958881133,0.0713335550382226,63.4022811369905,6.60879120879121
