"Area","Records","Observed.richness","Richness","Slope","Completeness","Ratio"
"United States",1042,15,16.9110501917528,0.00191938579654582,88.6993996819619,69.4666666666667
