"Area","Records","Observed.richness","Richness","Slope","Completeness","Ratio"
"United States",31993,231,234.406877717464,0.000656393586098147,98.5465965202733,138.497835497835
