"Area","Records","Observed.richness","Richness","Slope","Completeness","Ratio"
"United States",11483,330,341.244867466322,0.00217713141165632,96.7047511806367,34.7969696969697
