"Area","Records","Observed.richness","Richness","Slope","Completeness","Ratio"
"United States",3764,559,828.764182011621,0.061902231668455,67.4498261547893,6.73345259391771
