"Area","Records","Observed.richness","Richness","Slope","Completeness","Ratio"
"United States",9873,224,260.470915043242,0.0055707485060168,85.998085414954,44.0758928571429
