"Area","Records","Observed.richness","Richness","Slope","Completeness","Ratio"
"United States",8704,838,1088.05079767675,0.0330882352941444,77.0184629053472,10.3866348448687
