"Area","Records","Observed.richness","Richness","Slope","Completeness","Ratio"
"United States",2110,718,1295.45402734303,0.168720379146862,55.4245835703342,2.93871866295265
