"Area","Records","Observed.richness","Richness","Slope","Completeness","Ratio"
"United States",4252,1094,1863.74419965536,0.127234242709392,58.6990425082101,3.88665447897623
