"Area","Records","Observed.richness","Richness","Slope","Completeness","Ratio"
"United States",1702,439,778.086607005504,0.133960047003541,56.4204544902152,3.87699316628702
