"Area","Records","Observed.richness","Richness","Slope","Completeness","Ratio"
"United States",8486,620,827.511310150982,0.0261607353287445,74.9234472561927,13.6870967741935
