"Area","Records","Observed.richness","Richness","Slope","Completeness","Ratio"
"United States",114635,2193,2453.22340452398,0.00400401273600437,89.3925924543153,52.2731418148655
