"Area","Records","Observed.richness","Richness","Slope","Completeness","Ratio"
"United States",1401,164,207.421172688785,0.0392576730906455,79.0661810817478,8.54268292682927
