"Area","Records","Observed.richness","Richness","Slope","Completeness","Ratio"
"United States",51848,261,262.474216269368,0.000231445764541149,99.4383386336678,198.651340996169
