"Area","Records","Observed.richness","Richness","Slope","Completeness","Ratio"
"United States",13285,203,232.341852694381,0.00301091456529434,87.3712581895537,65.4433497536946
