"Area","Records","Observed.richness","Richness","Slope","Completeness","Ratio"
"United States",67522,264,266.245021456557,0.000236959805704373,99.1567836858415,255.765151515152
