"Area","Records","Observed.richness","Richness","Slope","Completeness","Ratio"
"United States",2392,153,187.387735435609,0.0175585284280828,81.6488868091235,15.6339869281046
