"Area","Records","Observed.richness","Richness","Slope","Completeness","Ratio"
"United States",575,113,157.654601883929,0.0747826086956564,71.6756749563168,5.08849557522124
