"Area","Records","Observed.richness","Richness","Slope","Completeness","Ratio"
"United States",2465,44,47.0910684705151,0.00202839756592255,93.4359772013869,56.0227272727273
