"Area","Records","Observed.richness","Richness","Slope","Completeness","Ratio"
"United States",57727,327,331.695130734498,0.000467718745142065,98.5845041728223,176.535168195719
