"Area","Records","Observed.richness","Richness","Slope","Completeness","Ratio"
"United States",26991,297,305.016271378218,0.00096328405766144,97.371854510582,90.8787878787879
