"Area","Records","Observed.richness","Richness","Slope","Completeness","Ratio"
"United States",2042,70,80.5553306531674,0.00538687561214601,86.8967943305781,29.1714285714286
