"Area","Records","Observed.richness","Richness","Slope","Completeness","Ratio"
"United States",27009,1254,1439.59492113595,0.0105890629049554,87.1078371831502,21.5382775119617
