"Area","Records","Observed.richness","Richness","Slope","Completeness","Ratio"
"United States",334,14,14.4776911101943,0.00898203592814362,96.7005021273184,23.8571428571429
