"Area","Records","Observed.richness","Richness","Slope","Completeness","Ratio"
"United States",2350,142,167.686201344297,0.0157446808510713,84.6819826924473,16.5492957746479
