"Area","Records","Observed.richness","Richness","Slope","Completeness","Ratio"
"United States",1196,53,60.3082766635401,0.00585284280936804,87.8818015240048,22.5660377358491
