"Area","Records","Observed.richness","Richness","Slope","Completeness","Ratio"
"United States",1649,356,595.556106793169,0.110976349302632,59.7760640751242,4.63202247191011
