"Area","Records","Observed.richness","Richness","Slope","Completeness","Ratio"
"United States",4429,132,202.348821661646,0.0146759990968519,65.2338861753896,33.5530303030303
