"Area","Records","Observed.richness","Richness","Slope","Completeness","Ratio"
"United States",22749,1210,1470.65692404551,0.0158688293990963,82.2761570163833,18.800826446281
