"Area","Records","Observed.richness","Richness","Slope","Completeness","Ratio"
"United States",106545,297,297.402852172934,0.000122014172404761,99.864543271865,358.737373737374
