"Area","Records","Observed.richness","Richness","Slope","Completeness","Ratio"
"United States",37464,1884,2299.27998818957,0.0131592995942356,81.9386942728729,19.8853503184713
