"Area","Records","Observed.richness","Richness","Slope","Completeness","Ratio"
"United States",62135,3058,3811.61959769869,0.0156755451839672,80.2283628158043,20.3188358404186
