"Area","Records","Observed.richness","Richness","Slope","Completeness","Ratio"
"United States",1865,15,15.4662788880202,0.000536193029491372,96.9851902232193,124.333333333333
