"Area","Records","Observed.richness","Richness","Slope","Completeness","Ratio"
"United States",1244,131,161.19457479983,0.0329581993569263,81.2682437747515,9.49618320610687
