"Area","Records","Observed.richness","Richness","Slope","Completeness","Ratio"
"United States",3140,620,948.574652598097,0.0837579617834763,65.3612236318831,5.06451612903226
