"Area","Records","Observed.richness","Richness","Slope","Completeness","Ratio"
"United States",1185,334,530.207863791763,0.127426160337563,62.9941618767045,3.54790419161677
