"Area","Records","Observed.richness","Richness","Slope","Completeness","Ratio"
"United States",1064,92,109.639858769805,0.0234962406015029,83.9110894817541,11.5652173913043
