"Area","Records","Observed.richness","Richness","Slope","Completeness","Ratio"
"United States",14098,1119,1401.76494741034,0.0244006242019168,79.8279342101736,12.5987488829312
