"Area","Records","Observed.richness","Richness","Slope","Completeness","Ratio"
"United States",17507,1187,1492.89002431015,0.0209059233450262,79.5102104422261,14.7489469250211
