"Area","Records","Observed.richness","Richness","Slope","Completeness","Ratio"
"United States",6558,956,1334.00099711907,0.0532174443427493,71.6641143495838,6.85983263598326
