"Area","Records","Observed.richness","Richness","Slope","Completeness","Ratio"
"United States",3871,379,622.952613537463,0.0477912684061153,60.8392984897892,10.2137203166227
