"Area","Records","Observed.richness","Richness","Slope","Completeness","Ratio"
"United States",64572,284,284.544220720805,0.000201325651971729,99.8087394924325,227.366197183099
