"Area","Records","Observed.richness","Richness","Slope","Completeness","Ratio"
"United States",3533,37,42.0499332891799,0.00169827342202211,87.9906271088441,95.4864864864865
