"Area","Records","Observed.richness","Richness","Slope","Completeness","Ratio"
"United States",1930,240,418.001107192685,0.0590673575129586,57.416115859561,8.04166666666667
