"Area","Records","Observed.richness","Richness","Slope","Completeness","Ratio"
"United States",2881,833,1252.07624999953,0.115237764665039,66.5294945096447,3.45858343337335
