"Area","Records","Observed.richness","Richness","Slope","Completeness","Ratio"
"United States",10391,215,222.853984963757,0.00182850543740187,96.4757260387181,48.3302325581395
