"Area","Records","Observed.richness","Richness","Slope","Completeness","Ratio"
"United States",5969,207,255.756953249491,0.0097168704975843,80.936215954243,28.8357487922705
