"Area","Records","Observed.richness","Richness","Slope","Completeness","Ratio"
"United States",4588,622,879.834373280493,0.0568875326939633,70.6951238652851,7.37620578778135
