"Area","Records","Observed.richness","Richness","Slope","Completeness","Ratio"
"United States",4559,135,158.244073025758,0.00789646852379633,85.311252054303,33.7703703703704
