"Area","Records","Observed.richness","Richness","Slope","Completeness","Ratio"
"United States",9262,1769,2468.23721984654,0.066400345497641,71.6705827857982,5.23572639909553
