"Area","Records","Observed.richness","Richness","Slope","Completeness","Ratio"
"United States",14042,260,266.046351402191,0.00135308360631825,97.727331583266,54.0076923076923
