"Area","Records","Observed.richness","Richness","Slope","Completeness","Ratio"
"United States",14229,229,233.656929514027,0.000843348091933649,98.0069371262764,62.1353711790393
