"Area","Records","Observed.richness","Richness","Slope","Completeness","Ratio"
"United States",180588,326,325.371082400833,7.19870644729781e-05,100.193292407711,553.950920245399
