"Area","Records","Observed.richness","Richness","Slope","Completeness","Ratio"
"United States",22961,1426,1944.25793845659,0.0229084099125885,73.3441778374323,16.101683029453
