"Area","Records","Observed.richness","Richness","Slope","Completeness","Ratio"
"United States",23543,1355,1655.87021097032,0.0165229579918105,81.8300849319576,17.3749077490775
