"Area","Records","Observed.richness","Richness","Slope","Completeness","Ratio"
"United States",4926,937,1385.67226959212,0.0816077953714966,67.6206070195669,5.25720384204909
