"Area","Records","Observed.richness","Richness","Slope","Completeness","Ratio"
"United States",1652,177,229.660694030187,0.0332929782082374,77.0702190670619,9.33333333333333
