"Area","Records","Observed.richness","Richness","Slope","Completeness","Ratio"
"United States",5208,782,1103.3938177342,0.0577956989247923,70.8722477352486,6.65984654731458
