"Area","Records","Observed.richness","Richness","Slope","Completeness","Ratio"
"United States",42332,3861,6053.81664479576,0.0456628555230054,63.7779474758152,10.963998963999
