"Area","Records","Observed.richness","Richness","Slope","Completeness","Ratio"
"United States",15171,2049,2441.23655475133,0.0168083844178,83.9328739368608,7.40409956076135
