"Area","Records","Observed.richness","Richness","Slope","Completeness","Ratio"
"United States",1216,482,956.795257820166,0.208881578947398,50.3765038612466,2.52282157676349
