"Area","Records","Observed.richness","Richness","Slope","Completeness","Ratio"
"United States",4633,994,1476.57475152577,0.0878480466220708,67.3179599592153,4.66096579476861
