"Area","Records","Observed.richness","Richness","Slope","Completeness","Ratio"
"United States",22799,268,271.113707905847,0.000833369884617241,98.8515121828777,85.0708955223881
