"Area","Records","Observed.richness","Richness","Slope","Completeness","Ratio"
"United States",145305,340,341.708923243358,0.000185816042119313,99.4998891960041,427.367647058824
