"Area","Records","Observed.richness","Richness","Slope","Completeness","Ratio"
"Canada",22,13,26.7754076595216,0.227272727272727,48.5520152122766,1.69230769230769
"United States",788,92,110.974084939821,0.0241116751269033,82.9022379863639,8.56521739130435
