"Area","Records","Observed.richness","Richness","Slope","Completeness","Ratio"
"United States",4568,251,302.886462866386,0.0133537653239841,82.8693357981882,18.199203187251
