"Area","Records","Observed.richness","Richness","Slope","Completeness","Ratio"
"United States",4938,175,202.967671682877,0.00789793438639208,86.2206274275173,28.2171428571429
