"Area","Records","Observed.richness","Richness","Slope","Completeness","Ratio"
"United States",12768,238,263.49459808549,0.00321115288221563,90.3244323524165,53.6470588235294
