"Area","Records","Observed.richness","Richness","Slope","Completeness","Ratio"
"United States",2713,300,411.794881038824,0.044231478068582,72.8518040931441,9.04333333333333
