"Area","Records","Observed.richness","Richness","Slope","Completeness","Ratio"
"United States",9358,1178,1689.02974466531,0.0490489420815265,69.7441832342289,7.94397283531409
