"Area","Records","Observed.richness","Richness","Slope","Completeness","Ratio"
"United States",3364,214,233.633691783728,0.00802615933412199,91.5963782304554,15.7196261682243
