"Area","Records","Observed.richness","Richness","Slope","Completeness","Ratio"
"United States",3919,33,35.7724291341586,0.00178616994131175,92.2498158462734,118.757575757576
