"Area","Records","Observed.richness","Richness","Slope","Completeness","Ratio"
"United States",2450,530,770.662188047911,0.0861224489796086,68.7720259563391,4.62264150943396
