"Area","Records","Observed.richness","Richness","Slope","Completeness","Ratio"
"United States",2584,900,1508.12036972037,0.142414860681129,59.6769341539279,2.87111111111111
