"Area","Records","Observed.richness","Richness","Slope","Completeness","Ratio"
"United States",40089,373,401.287294010414,0.0009977799396097,92.9508622793126,107.477211796247
