"Area","Records","Observed.richness","Richness","Slope","Completeness","Ratio"
"United States",3540,164,177.359451863282,0.00508474576270146,92.4675839246614,21.5853658536585
