"Area","Records","Observed.richness","Richness","Slope","Completeness","Ratio"
"United States",768,140,205.865301643199,0.0755208333333428,68.0056322665996,5.48571428571429
