"Area","Records","Observed.richness","Richness","Slope","Completeness","Ratio"
"United States",1438,170,221.254745960117,0.0368567454798381,76.8345100405862,8.45882352941176
