"Area","Records","Observed.richness","Richness","Slope","Completeness","Ratio"
"United States",148776,426,433.162881036651,0.000181480884009488,98.3463769980685,349.239436619718
