"Area","Records","Observed.richness","Richness","Slope","Completeness","Ratio"
"United States",3395,154,184.002909410242,0.0111929307805667,83.6943287981663,22.0454545454545
