"Area","Records","Observed.richness","Richness","Slope","Completeness","Ratio"
"United States",1319,618,1339.44138321108,0.277482941622452,46.1386371771232,2.13430420711974
