"Area","Records","Observed.richness","Richness","Slope","Completeness","Ratio"
"United States",1001,36,38.6615152016031,0.0109890109890074,93.1158538724506,27.8055555555556
