"Area","Records","Observed.richness","Richness","Slope","Completeness","Ratio"
"United States",2420,147,181.18904455818,0.0165289256198378,81.1307330189041,16.4625850340136
