"Area","Records","Observed.richness","Richness","Slope","Completeness","Ratio"
"United States",2353,167,209.239343424713,0.0220994475138241,79.8129057693629,14.0898203592814
