"Area","Records","Observed.richness","Richness","Slope","Completeness","Ratio"
"United States",4935,214,232.614864871246,0.00830800405267951,91.9975600520846,23.0607476635514
