"Area","Records","Observed.richness","Richness","Slope","Completeness","Ratio"
"United States",26066,2013,2799.65265385884,0.0286580219442385,71.9017767159588,12.9488325881769
