"Area","Records","Observed.richness","Richness","Slope","Completeness","Ratio"
"United States",1963,362,582.949856156602,0.0825267447784199,62.0979654042068,5.42265193370166
