"Area","Records","Observed.richness","Richness","Slope","Completeness","Ratio"
"United States",1365,530,1024.37393621929,0.216117216117254,51.7389188908981,2.57547169811321
