"Area","Records","Observed.richness","Richness","Slope","Completeness","Ratio"
"United States",1519,27,27.8638873016827,0.00131665569453432,96.8996167249407,56.2592592592593
