"Area","Records","Observed.richness","Richness","Slope","Completeness","Ratio"
"United States",15234,92,98.6373775159887,0.00118156754628274,93.2709306723886,165.586956521739
