"Area","Records","Observed.richness","Richness","Slope","Completeness","Ratio"
"United States",8074,211,236.956608603599,0.00483031954422586,89.0458389168536,38.2654028436019
