"Area","Records","Observed.richness","Richness","Slope","Completeness","Ratio"
"United States",3245,184,228.118219168342,0.0184899845916675,80.6599317980014,17.6358695652174
