"Area","Records","Observed.richness","Richness","Slope","Completeness","Ratio"
"United States",3543,62,72.5415983922881,0.00338696020321549,85.4682022096045,57.1451612903226
