"Area","Records","Observed.richness","Richness","Slope","Completeness","Ratio"
"United States",3768,19,19.6580915950947,0.000530785562631308,96.6523118894259,198.315789473684
