"Area","Records","Observed.richness","Richness","Slope","Completeness","Ratio"
"United States",5564,36,37.3336717831239,0.000898634076200722,96.4276972517694,154.555555555556
