"Area","Records","Observed.richness","Richness","Slope","Completeness","Ratio"
"United States",2673,867,1529.19201398645,0.163112607557082,56.6966078863974,3.08304498269896
