"Area","Records","Observed.richness","Richness","Slope","Completeness","Ratio"
"United States",3458,778,1301.05657893002,0.108444187391569,59.7975532040138,4.44473007712082
