"Area","Records","Observed.richness","Richness","Slope","Completeness","Ratio"
"United States",5171,46,53.0411465746488,0.00193386192226086,86.7251237400397,112.413043478261
