"Area","Records","Observed.richness","Richness","Slope","Completeness","Ratio"
"United States",597,38,40.6763253779456,0.00670016750418512,93.4204347293459,15.7105263157895
