"Area","Records","Observed.richness","Richness","Slope","Completeness","Ratio"
"United States",374,42,48.6643672354788,0.00802139037433136,86.3054476733848,8.90476190476191
