"Area","Records","Observed.richness","Richness","Slope","Completeness","Ratio"
"United States",28052,2053,2510.96471960055,0.019855981748151,81.761403653915,13.6639064783244
