"Area","Records","Observed.richness","Richness","Slope","Completeness","Ratio"
"United States",442,14,17.0935305289362,0.00904977375565608,81.9023312726447,31.5714285714286
