"Area","Records","Observed.richness","Richness","Slope","Completeness","Ratio"
"United States",53758,298,303.466063708019,0.000260426355168875,98.1987891360141,180.395973154362
