"Area","Records","Observed.richness","Richness","Slope","Completeness","Ratio"
"United States",1640,143,179.840549386083,0.0268292682926869,79.514881648302,11.4685314685315
