"Area","Records","Observed.richness","Richness","Slope","Completeness","Ratio"
"United States",1525,481,814.437687480672,0.152786885245916,59.0591530075056,3.17047817047817
