"Area","Records","Observed.richness","Richness","Slope","Completeness","Ratio"
"United States",1227,357,721.672919387012,0.167074164629184,49.4683935630057,3.43697478991597
