"Area","Records","Observed.richness","Richness","Slope","Completeness","Ratio"
"United States",1577,191,259.864787176731,0.0386810399492674,73.4997619627868,8.2565445026178
