"Area","Records","Observed.richness","Richness","Slope","Completeness","Ratio"
"United States",16334,263,268.417385488936,0.000550997918480789,97.9817307738586,62.106463878327
