"Area","Records","Observed.richness","Richness","Slope","Completeness","Ratio"
"Canada",13,9,23.3942138842656,0.384615384615385,38.4710511946426,1.44444444444444
"United States",260,121,285.625348716473,0.292307692307688,42.3631867912785,2.14876033057851
