"Area","Records","Observed.richness","Richness","Slope","Completeness","Ratio"
"United States",7067,741,924.128546960668,0.0305645960096399,80.1836500384115,9.53711201079622
