"Area","Records","Observed.richness","Richness","Slope","Completeness","Ratio"
"United States",3651,222,244.587984057751,0.00410846343467597,90.7648839967473,16.4459459459459
