"Area","Records","Observed.richness","Richness","Slope","Completeness","Ratio"
"United States",1716,404,826.807780820478,0.141025641025635,48.8626267642393,4.24752475247525
