"Area","Records","Observed.richness","Richness","Slope","Completeness","Ratio"
"United States",5976,704,892.235739293681,0.0364792503346507,78.9029142183103,8.48863636363636
