"Area","Records","Observed.richness","Richness","Slope","Completeness","Ratio"
"United States",117886,282,280.235426920113,0.000101793257897498,100.629675233885,418.035460992908
