"Area","Records","Observed.richness","Richness","Slope","Completeness","Ratio"
"United States",14214,244,249.893938261571,0.001125650766852,97.641424076721,58.2540983606557
