"Area","Records","Observed.richness","Richness","Slope","Completeness","Ratio"
"United States",9321,161,181.091732343062,0.00300396953116433,88.9052183205142,57.8944099378882
