"Area","Records","Observed.richness","Richness","Slope","Completeness","Ratio"
"United States",9503,261,268.722432894947,0.00242028833002905,97.1262418206945,36.4099616858238
