"Area","Records","Observed.richness","Richness","Slope","Completeness","Ratio"
"United States",1285,354,567.793383428128,0.126848249027262,62.3466229674389,3.62994350282486
