"Area","Records","Observed.richness","Richness","Slope","Completeness","Ratio"
"United States",2275,507,732.994900395615,0.0887912087911786,69.168284762467,4.48717948717949
