"Area","Records","Observed.richness","Richness","Slope","Completeness","Ratio"
"United States",5815,261,275.095915608876,0.00395528804813239,94.8759996753579,22.27969348659
