"Area","Records","Observed.richness","Richness","Slope","Completeness","Ratio"
"United States",1122,45,47.1176518249675,0.00267379679144142,95.5056083167426,24.9333333333333
