"Area","Records","Observed.richness","Richness","Slope","Completeness","Ratio"
"United States",63243,390,419.029674109572,0.000758977278110251,93.0721674613477,162.161538461538
