"Area","Records","Observed.richness","Richness","Slope","Completeness","Ratio"
"United States",10597,76,88.1960834416373,0.001509861281491,86.1716269411125,139.434210526316
