"Area","Records","Observed.richness","Richness","Slope","Completeness","Ratio"
"United States",3892,855,1391.49199816572,0.0984069886948191,61.4448377085223,4.55204678362573
