"Area","Records","Observed.richness","Richness","Slope","Completeness","Ratio"
"Mexico",8,7,45.3854722980917,0.75,15.4234376014069,1.14285714285714
"United States",11967,770,1087.55321663531,0.0245675607922067,70.8011330592392,15.5415584415584
