"Area","Records","Observed.richness","Richness","Slope","Completeness","Ratio"
"United States",31160,239,242.403034958605,0.000449293966624964,98.5961252674967,130.376569037657
