"Area","Records","Observed.richness","Richness","Slope","Completeness","Ratio"
"United States",99866,366,371.518204148715,0.000190254941628609,98.5146880860498,272.857923497268
