"Area","Records","Observed.richness","Richness","Slope","Completeness","Ratio"
"United States",6895,891,1146.47583504603,0.0411892675851959,77.7164221663882,7.73849607182941
