"Area","Records","Observed.richness","Richness","Slope","Completeness","Ratio"
"United States",1646,508,915.027326890822,0.165249088699909,55.5174676286594,3.24015748031496
