"Area","Records","Observed.richness","Richness","Slope","Completeness","Ratio"
"United States",14274,1037,1432.63535722495,0.0278828639484345,72.384085368987,13.7647058823529
