"Area","Records","Observed.richness","Richness","Slope","Completeness","Ratio"
"United States",8425,1239,2076.30092126437,0.0735905044509764,59.6734311154429,6.7998385794996
