"Area","Records","Observed.richness","Richness","Slope","Completeness","Ratio"
"United States",22040,242,245.868654147641,0.000317604355728918,98.4265362491806,91.0743801652893
