"Area","Records","Observed.richness","Richness","Slope","Completeness","Ratio"
"United States",3202,521,691.143210142355,0.0562148657089665,75.382350915766,6.14587332053743
